tank,block,trt,treatment,pred,lethality,cons,cons2,Date,Stocked,larval_period_days,total_days,Days,Photo,TailPhoto...15,mass_g,hl,svl,tl,hw,gr,phenotype,Pheno_terr,Pheno_mat,Sex,tail_length_mm,TailPhoto...27,tail_depth_mm,tail_muscle_mm,tail_area,r,g,b,rgb,rgbform,hue,saturation,brightness,Note,survivors,survival,deaths
25,Block 6,NCE Fundulus chrysotus,Non-consumptive Fundulus chrysotus,Fundulus chrysotus,Non-lethal,Non-consumptive,NCE,2017-05-18T00:00:00Z,2017-01-31T00:00:00Z,107,107,107,DSC_6847,NA,1.447,10.025,31.084,58.646,9.1,0.290504673,Metamorph,Terrestrial,Mature,NA,27.562,NA,NA,NA,NA,NA,NA,NA,NA,NA,NA,NA,NA,NA,11,0.916666667,1
39,Block 4,NCE Aphredoderus sayanus,Non-consumptive Aphredoderus sayanus,Aphredoderus sayanus,Non-lethal,Non-consumptive,NCE,2017-05-18T00:00:00Z,2017-01-25T00:00:00Z,113,113,113,DSC_6848,NA,2.034,10.951,36.012,68.454,9.326,0.318690265,Metamorph,Terrestrial,Mature,NA,32.442,NA,NA,NA,NA,NA,NA,NA,NA,NA,NA,NA,NA,NA,8,0.666666667,4
8,Block 5,NCE Fundulus chrysotus,Non-consumptive Fundulus chrysotus,Fundulus chrysotus,Non-lethal,Non-consumptive,NCE,2017-05-25T00:00:00Z,2017-01-31T00:00:00Z,114,114,114,DSC_6862,NA,3.284,10.367,40.058,77.734,10.71,0.351385965,Metamorph,Terrestrial,Mature,NA,37.676,NA,NA,NA,NA,NA,NA,NA,NA,NA,NA,NA,NA,NA,7,0.583333333,5
13,Block 6,NCE Lepomis cyanellus,Non-consumptive Lepomis cyanellus,Lepomis cyanellus,Non-lethal,Non-consumptive,NCE,2017-05-25T00:00:00Z,2017-01-31T00:00:00Z,114,114,114,DSC_6863,NA,1.821,10.429,35.528,68.646,9.463,0.311649123,Metamorph,Terrestrial,Mature,NA,33.118,NA,NA,NA,NA,NA,NA,NA,NA,NA,NA,NA,NA,NA,10,0.833333333,2
39,Block 4,NCE Aphredoderus sayanus,Non-consumptive Aphredoderus sayanus,Aphredoderus sayanus,Non-lethal,Non-consumptive,NCE,2017-05-28T00:00:00Z,2017-01-25T00:00:00Z,123,123,123,DSC_6888,NA,1.966,10.715,36.913,68.92,9.663,0.300105691,Metamorph,Terrestrial,Mature,NA,32.007,NA,NA,NA,NA,NA,NA,NA,NA,NA,NA,NA,NA,NA,8,0.666666667,4
39,Block 4,NCE Aphredoderus sayanus,Non-consumptive Aphredoderus sayanus,Aphredoderus sayanus,Non-lethal,Non-consumptive,NCE,2017-05-28T00:00:00Z,2017-01-25T00:00:00Z,123,123,123,DSC_6889,NA,2.027,11.578,35.957,66.549,9.77,0.292333333,Metamorph,Terrestrial,Mature,NA,30.592,NA,NA,NA,NA,NA,NA,NA,NA,NA,NA,NA,NA,NA,8,0.666666667,4
41,Block 2,NCE Aphredoderus sayanus,Non-consumptive Aphredoderus sayanus,Aphredoderus sayanus,Non-lethal,Non-consumptive,NCE,2017-05-28T00:00:00Z,2017-01-25T00:00:00Z,123,123,123,DSC_6890,NA,1.391,10.978,34.612,63.577,8.751,0.281398374,Metamorph,Terrestrial,Mature,NA,28.965,NA,NA,NA,NA,NA,NA,NA,NA,NA,NA,NA,NA,NA,11,0.916666667,1
29,Block 2,NCE Lepomis cyanellus,Non-consumptive Lepomis cyanellus,Lepomis cyanellus,Non-lethal,Non-consumptive,NCE,2017-05-31T00:00:00Z,2017-01-25T00:00:00Z,126,126,126,DSC_6914,NA,2.23,10.058,38.394,72.562,9.764,0.304714286,Metamorph,Terrestrial,Mature,NA,34.168,NA,NA,NA,NA,NA,NA,NA,NA,NA,NA,NA,NA,NA,7,0.583333333,5
39,Block 4,NCE Aphredoderus sayanus,Non-consumptive Aphredoderus sayanus,Aphredoderus sayanus,Non-lethal,Non-consumptive,NCE,2017-05-31T00:00:00Z,2017-01-25T00:00:00Z,126,126,126,DSC_6915,NA,2.141,10.617,36.014,69.738,9.997,0.285825397,Metamorph,Terrestrial,Mature,NA,33.724,NA,NA,NA,NA,NA,NA,NA,NA,NA,NA,NA,NA,NA,8,0.666666667,4
7,Block 6,NCE Control,Non-consumptive Control,Control,Non-lethal,Non-consumptive,NCE,2017-06-03T00:00:00Z,2017-01-31T00:00:00Z,123,123,123,DSC_6928,NA,4.279,11.273,44.166,83.874,11.627,0.359073171,Metamorph,Terrestrial,Mature,NA,39.708,NA,NA,NA,NA,NA,NA,NA,NA,NA,NA,NA,NA,NA,4,0.333333333,8
13,Block 6,NCE Lepomis cyanellus,Non-consumptive Lepomis cyanellus,Lepomis cyanellus,Non-lethal,Non-consumptive,NCE,2017-06-03T00:00:00Z,2017-01-31T00:00:00Z,123,123,123,DSC_6929,NA,2.206,9.765,38.255,71.894,10.165,0.31101626,Metamorph,Terrestrial,Mature,NA,33.639,NA,NA,NA,NA,NA,NA,NA,NA,NA,NA,NA,NA,NA,10,0.833333333,2
24,Block 1,NCE Fundulus chrysotus,Non-consumptive Fundulus chrysotus,Fundulus chrysotus,Non-lethal,Non-consumptive,NCE,2017-06-03T00:00:00Z,2017-01-25T00:00:00Z,129,129,129,DSC_6930,NA,1.834,10.711,34.223,66.168,9.285,0.265294574,Metamorph,Terrestrial,Mature,NA,31.945,NA,NA,NA,NA,NA,NA,NA,NA,NA,NA,NA,NA,NA,12,1,0
29,Block 2,NCE Lepomis cyanellus,Non-consumptive Lepomis cyanellus,Lepomis cyanellus,Non-lethal,Non-consumptive,NCE,2017-06-03T00:00:00Z,2017-01-25T00:00:00Z,129,129,129,DSC_6931,NA,3.222,10.568,41.373,84.211,10.772,0.32072093,Metamorph,Terrestrial,Mature,NA,42.838,NA,NA,NA,NA,NA,NA,NA,NA,NA,NA,NA,NA,NA,7,0.583333333,5
7,Block 6,NCE Control,Non-consumptive Control,Control,Non-lethal,Non-consumptive,NCE,2017-06-07T00:00:00Z,2017-01-31T00:00:00Z,127,127,127,DSC_6949,NA,3.874,13.373,44.477,84.61,11.729,0.350212598,Metamorph,Terrestrial,Mature,NA,40.133,NA,NA,NA,NA,NA,NA,NA,NA,NA,NA,NA,NA,NA,4,0.333333333,8
30,Block 1,NCE Aphredoderus sayanus,Non-consumptive Aphredoderus sayanus,Aphredoderus sayanus,Non-lethal,Non-consumptive,NCE,2017-06-07T00:00:00Z,2017-01-25T00:00:00Z,133,133,133,DSC_6950,NA,2.798,11.441,39.57,76.406,10.112,0.297518797,Metamorph,Terrestrial,Mature,NA,36.836,NA,NA,NA,NA,NA,NA,NA,NA,NA,NA,NA,NA,NA,5,0.416666667,7
13,Block 6,NCE Lepomis cyanellus,Non-consumptive Lepomis cyanellus,Lepomis cyanellus,Non-lethal,Non-consumptive,NCE,2017-06-10T00:00:00Z,2017-01-31T00:00:00Z,130,130,130,DSC_6968,NA,2.412,10.372,37.021,73.789,10.049,0.284776923,Metamorph,Terrestrial,Mature,NA,36.768,NA,NA,NA,NA,NA,NA,NA,NA,NA,NA,NA,NA,NA,10,0.833333333,2
25,Block 6,NCE Fundulus chrysotus,Non-consumptive Fundulus chrysotus,Fundulus chrysotus,Non-lethal,Non-consumptive,NCE,2017-06-10T00:00:00Z,2017-01-31T00:00:00Z,130,130,130,DSC_6969,NA,1.64,10.791,34.108,61.682,9.507,0.262369231,Metamorph,Terrestrial,Mature,NA,27.574,NA,NA,NA,NA,NA,NA,NA,NA,NA,NA,NA,NA,NA,11,0.916666667,1
25,Block 6,NCE Fundulus chrysotus,Non-consumptive Fundulus chrysotus,Fundulus chrysotus,Non-lethal,Non-consumptive,NCE,2017-06-10T00:00:00Z,2017-01-31T00:00:00Z,130,130,130,DSC_6970,NA,1.713,9.715,33.576,63.206,9.475,0.258276923,Metamorph,Terrestrial,Mature,NA,29.63,NA,NA,NA,NA,NA,NA,NA,NA,NA,NA,NA,NA,NA,11,0.916666667,1
28,Block 3,CE Fundulus chrysotus,Consumptive Fundulus chrysotus,Fundulus chrysotus,Lethal,Consumptive,CE,2017-06-10T00:00:00Z,2017-01-25T00:00:00Z,136,136,136,DSC_6971,NA,NA,NA,NA,NA,NA,NA,Metamorph,Terrestrial,Mature,NA,NA,NA,NA,NA,NA,NA,NA,NA,NA,NA,NA,NA,NA,DEAD. Could not mass. :(   NEED TO SCALE,6,0.5,6
27,Block 4,NCE Control,Non-consumptive Control,Control,Non-lethal,Non-consumptive,NCE,2017-06-13T00:00:00Z,2017-01-25T00:00:00Z,139,139,139,DSC_6980,NA,1.441,10.144,33.668,59.709,8.71,0.242215827,Metamorph,Terrestrial,Mature,NA,26.041,NA,NA,NA,NA,NA,NA,NA,NA,NA,NA,NA,NA,NA,12,1,0
35,Block 2,NCE Control,Non-consumptive Control,Control,Non-lethal,Non-consumptive,NCE,2017-06-13T00:00:00Z,2017-01-25T00:00:00Z,139,139,139,DSC_6982,NA,2.171,10.807,36.628,67.788,10.14,0.263510791,Metamorph,Terrestrial,Mature,NA,31.16,NA,NA,NA,NA,NA,NA,NA,NA,NA,NA,NA,NA,NA,10,0.833333333,2
38,Block 5,NCE Control,Non-consumptive Control,Control,Non-lethal,Non-consumptive,NCE,2017-06-13T00:00:00Z,2017-01-31T00:00:00Z,133,133,133,DSC_6983,NA,1.38,9.652,34.718,61.755,9.209,0.261037594,Metamorph,Terrestrial,Mature,NA,27.037,NA,NA,NA,NA,NA,NA,NA,NA,NA,NA,NA,NA,NA,10,0.833333333,2
1,Block 6,CE Aphredoderus sayanus,Consumptive Aphredoderus sayanus,Aphredoderus sayanus,Lethal,Consumptive,CE,2017-06-13T00:00:00Z,2017-01-31T00:00:00Z,133,133,133,DSC_6999,NA,3.972,12.554,43.827,83.11,10.863,0.329526316,Metamorph,Terrestrial,Mature,NA,39.283,NA,NA,NA,NA,NA,NA,NA,NA,NA,NA,NA,NA,NA,3,0.25,9
17,Block 2,NCE Fundulus chrysotus,Non-consumptive Fundulus chrysotus,Fundulus chrysotus,Non-lethal,Non-consumptive,NCE,2017-06-19T00:00:00Z,2017-01-25T00:00:00Z,145,145,145,DSC_7005,NA,2.426,11.05,39.056,73.878,9.825,0.269351724,Metamorph,Terrestrial,Mature,NA,34.822,NA,NA,NA,NA,NA,NA,NA,NA,NA,NA,NA,NA,NA,9,0.75,3
24,Block 1,NCE Fundulus chrysotus,Non-consumptive Fundulus chrysotus,Fundulus chrysotus,Non-lethal,Non-consumptive,NCE,2017-06-22T00:00:00Z,2017-01-25T00:00:00Z,148,148,148,DSC_7032,NA,1.986,11.552,37.094,70.115,9.567,0.250635135,Metamorph,Terrestrial,Mature,NA,33.021,NA,NA,NA,NA,NA,NA,NA,NA,NA,NA,NA,NA,NA,12,1,0
27,Block 4,NCE Control,Non-consumptive Control,Control,Non-lethal,Non-consumptive,NCE,2017-06-22T00:00:00Z,2017-01-25T00:00:00Z,148,148,148,DSC_7033,NA,1.158,9.129,30.916,53.161,7.872,0.208891892,Metamorph,Terrestrial,Mature,NA,22.245,NA,NA,NA,NA,NA,NA,NA,NA,NA,NA,NA,NA,NA,12,1,0
19,Block 6,CE Fundulus chrysotus,Consumptive Fundulus chrysotus,Fundulus chrysotus,Lethal,Consumptive,CE,2017-06-28T00:00:00Z,2017-01-31T00:00:00Z,148,148,148,DSC_7053,NA,5.128,13.04,50.712,92.181,11.727,0.342648649,Metamorph,Terrestrial,Mature,NA,41.469,NA,NA,NA,NA,NA,NA,NA,NA,NA,NA,NA,NA,NA,2,0.166666667,10
34,Block 3,NCE Fundulus chrysotus,Non-consumptive Fundulus chrysotus,Fundulus chrysotus,Non-lethal,Non-consumptive,NCE,2017-06-28T00:00:00Z,2017-01-25T00:00:00Z,154,154,154,DSC_7054,NA,1.064,9.246,31.597,56.485,8.637,0.205175325,Metamorph,Terrestrial,Mature,NA,24.888,NA,NA,NA,NA,NA,NA,NA,NA,NA,NA,NA,NA,NA,10,0.833333333,2
15,Block 4,NCE Lepomis cyanellus,Non-consumptive Lepomis cyanellus,Lepomis cyanellus,Non-lethal,Non-consumptive,NCE,2017-09-15T00:00:00Z,2017-01-25T00:00:00Z,233,233,233,DSC_7189,NA,2.906,11.195,41.529,75.023,9.887,0.178236052,Metamorph,Terrestrial,Mature,NA,33.494,NA,NA,NA,NA,NA,NA,NA,NA,NA,NA,NA,NA,NA,10,0.833333333,2
17,Block 2,NCE Fundulus chrysotus,Non-consumptive Fundulus chrysotus,Fundulus chrysotus,Non-lethal,Non-consumptive,NCE,2017-09-15T00:00:00Z,2017-01-25T00:00:00Z,233,233,233,DSC_7190,NA,3.376,10.354,41.713,81.296,10.795,0.179025751,Metamorph,Terrestrial,Mature,NA,39.583,NA,NA,NA,NA,NA,NA,NA,NA,NA,NA,NA,NA,NA,9,0.75,3
8,Block 5,NCE Fundulus chrysotus,Non-consumptive Fundulus chrysotus,Fundulus chrysotus,Non-lethal,Non-consumptive,NCE,2017-09-19T00:00:00Z,2017-01-31T00:00:00Z,231,231,231,DSC_7202,NA,4.47,11.968,47.271,91.928,11.285,0.204636364,Metamorph,Terrestrial,Mature,NA,44.657,NA,NA,NA,NA,NA,NA,NA,NA,NA,NA,NA,NA,NA,7,0.583333333,5
15,Block 4,NCE Lepomis cyanellus,Non-consumptive Lepomis cyanellus,Lepomis cyanellus,Non-lethal,Non-consumptive,NCE,2017-09-19T00:00:00Z,2017-01-25T00:00:00Z,237,237,237,DSC_7203,NA,2.573,11.215,40.632,72.419,9.802,0.171443038,Metamorph,Terrestrial,Mature,NA,31.787,NA,NA,NA,NA,NA,NA,NA,NA,NA,NA,NA,NA,NA,10,0.833333333,2
24,Block 1,NCE Fundulus chrysotus,Non-consumptive Fundulus chrysotus,Fundulus chrysotus,Non-lethal,Non-consumptive,NCE,2017-09-19T00:00:00Z,2017-01-25T00:00:00Z,237,237,237,DSC_7204,NA,3.104,11.797,39.408,76.752,10.62,0.166278481,Metamorph,Terrestrial,Mature,NA,37.344,NA,NA,NA,NA,NA,NA,NA,NA,NA,NA,NA,NA,NA,12,1,0
35,Block 2,NCE Control,Non-consumptive Control,Control,Non-lethal,Non-consumptive,NCE,2017-09-19T00:00:00Z,2017-01-25T00:00:00Z,237,237,237,DSC_7205,NA,3.358,12.023,41.253,79.504,11.727,0.174063291,Metamorph,Terrestrial,Mature,NA,38.251,NA,NA,NA,NA,NA,NA,NA,NA,NA,NA,NA,NA,NA,10,0.833333333,2
1,Block 6,CE Aphredoderus sayanus,Consumptive Aphredoderus sayanus,Aphredoderus sayanus,Lethal,Consumptive,CE,2017-09-23T00:00:00Z,2017-01-31T00:00:00Z,235,235,235,DSC_7234,NA,7.215,13.146,51.061,101.357,12.754,0.217280851,Metamorph,Terrestrial,Mature,NA,50.296,NA,NA,NA,NA,NA,NA,NA,NA,NA,NA,NA,NA,Signs of sexual maturity,3,0.25,9
12,Block 1,NCE Control,Non-consumptive Control,Control,Non-lethal,Non-consumptive,NCE,2017-09-23T00:00:00Z,2017-01-25T00:00:00Z,241,241,241,DSC_7235,NA,1.87,9.759,34.456,65.711,9.529,0.142970954,Metamorph,Terrestrial,Mature,NA,31.255,NA,NA,NA,NA,NA,NA,NA,NA,NA,NA,NA,NA,NA,12,1,0
22,Block 3,NCE Control,Non-consumptive Control,Control,Non-lethal,Non-consumptive,NCE,2017-09-23T00:00:00Z,2017-01-25T00:00:00Z,241,241,241,DSC_7236,NA,2.087,10.962,36.162,69.186,9.704,0.150049793,Metamorph,Terrestrial,Mature,NA,33.024,NA,NA,NA,NA,NA,NA,NA,NA,NA,NA,NA,NA,NA,11,0.916666667,1
24,Block 1,NCE Fundulus chrysotus,Non-consumptive Fundulus chrysotus,Fundulus chrysotus,Non-lethal,Non-consumptive,NCE,2017-09-23T00:00:00Z,2017-01-25T00:00:00Z,241,241,241,DSC_7237,NA,3.075,11.391,41.896,83.3,10.649,0.173842324,Metamorph,Terrestrial,Mature,NA,41.404,NA,NA,NA,NA,NA,NA,NA,NA,NA,NA,NA,NA,NA,12,1,0
34,Block 3,NCE Fundulus chrysotus,Non-consumptive Fundulus chrysotus,Fundulus chrysotus,Non-lethal,Non-consumptive,NCE,2017-09-23T00:00:00Z,2017-01-25T00:00:00Z,241,241,241,DSC_7238,NA,2.105,11.053,35.953,66.91,9.358,0.149182573,Metamorph,Terrestrial,Mature,NA,30.957,NA,NA,NA,NA,NA,NA,NA,NA,NA,NA,NA,NA,NA,10,0.833333333,2
34,Block 3,NCE Fundulus chrysotus,Non-consumptive Fundulus chrysotus,Fundulus chrysotus,Non-lethal,Non-consumptive,NCE,2017-09-23T00:00:00Z,2017-01-25T00:00:00Z,241,241,241,DSC_7239,NA,2.079,9.789,35.356,70.524,9.216,0.146705394,Metamorph,Terrestrial,Mature,NA,35.168,NA,NA,NA,NA,NA,NA,NA,NA,NA,NA,NA,NA,NA,10,0.833333333,2
35,Block 2,NCE Control,Non-consumptive Control,Control,Non-lethal,Non-consumptive,NCE,2017-09-23T00:00:00Z,2017-01-25T00:00:00Z,241,241,241,DSC_7240,NA,2.791,11.725,38.665,73.854,10.558,0.160435685,Metamorph,Terrestrial,Mature,NA,35.189,NA,NA,NA,NA,NA,NA,NA,NA,NA,NA,NA,NA,NA,10,0.833333333,2
36,Block 1,CE Fundulus chrysotus,Consumptive Fundulus chrysotus,Fundulus chrysotus,Lethal,Consumptive,CE,2017-09-23T00:00:00Z,2017-01-25T00:00:00Z,241,241,241,DSC_7241,NA,3.22,11.433,42.122,79.154,10.684,0.174780083,Metamorph,Terrestrial,Mature,NA,37.032,NA,NA,NA,NA,NA,NA,NA,NA,NA,NA,NA,NA,NA,8,0.666666667,4
38,Block 5,NCE Control,Non-consumptive Control,Control,Non-lethal,Non-consumptive,NCE,2017-09-23T00:00:00Z,2017-01-31T00:00:00Z,235,235,235,DSC_7242,NA,3.578,11.42,41.726,77.721,11.017,0.177557447,Metamorph,Terrestrial,Mature,NA,35.995,NA,NA,NA,NA,NA,NA,NA,NA,NA,NA,NA,NA,NA,10,0.833333333,2
8,Block 5,NCE Fundulus chrysotus,Non-consumptive Fundulus chrysotus,Fundulus chrysotus,Non-lethal,Non-consumptive,NCE,2017-09-27T00:00:00Z,2017-01-31T00:00:00Z,239,239,239,DSC_7270,NA,5.338,13.34,45.936,95.095,12.077,0.192200837,Metamorph,Terrestrial,Mature,NA,49.159,NA,NA,NA,NA,NA,NA,NA,NA,NA,NA,NA,NA,NA,7,0.583333333,5
8,Block 5,NCE Fundulus chrysotus,Non-consumptive Fundulus chrysotus,Fundulus chrysotus,Non-lethal,Non-consumptive,NCE,2017-09-27T00:00:00Z,2017-01-31T00:00:00Z,239,239,239,DSC_7271,NA,5.816,13.318,51.891,93.974,12.851,0.217117155,Metamorph,Terrestrial,Mature,NA,42.083,NA,NA,NA,NA,NA,NA,NA,NA,NA,NA,NA,NA,NA,7,0.583333333,5
17,Block 2,NCE Fundulus chrysotus,Non-consumptive Fundulus chrysotus,Fundulus chrysotus,Non-lethal,Non-consumptive,NCE,2017-09-27T00:00:00Z,2017-01-25T00:00:00Z,245,245,245,DSC_7272,NA,2.687,12.18,41.943,77.417,10.86,0.171195918,Metamorph,Terrestrial,Mature,NA,35.474,NA,NA,NA,NA,NA,NA,NA,NA,NA,NA,NA,NA,NA,9,0.75,3
24,Block 1,NCE Fundulus chrysotus,Non-consumptive Fundulus chrysotus,Fundulus chrysotus,Non-lethal,Non-consumptive,NCE,2017-09-27T00:00:00Z,2017-01-25T00:00:00Z,245,245,245,DSC_7273,NA,2.559,10.55,37.995,70.695,10.456,0.155081633,Metamorph,Terrestrial,Mature,NA,32.7,NA,NA,NA,NA,NA,NA,NA,NA,NA,NA,NA,NA,NA,12,1,0
24,Block 1,NCE Fundulus chrysotus,Non-consumptive Fundulus chrysotus,Fundulus chrysotus,Non-lethal,Non-consumptive,NCE,2017-10-03T00:00:00Z,2017-01-25T00:00:00Z,251,251,251,DSC_7274,NA,3.474,11.812,42.93,82.929,10.811,0.171035857,Metamorph,Terrestrial,Mature,NA,39.999,NA,NA,NA,NA,NA,NA,NA,NA,NA,NA,NA,NA,NA,12,1,0
29,Block 2,NCE Lepomis cyanellus,Non-consumptive Lepomis cyanellus,Lepomis cyanellus,Non-lethal,Non-consumptive,NCE,2017-09-27T00:00:00Z,2017-01-25T00:00:00Z,245,245,245,DSC_7274,NA,4.96,13.805,49.655,95.774,12.147,0.202673469,Metamorph,Terrestrial,Mature,NA,46.119,NA,NA,NA,NA,NA,NA,NA,NA,NA,NA,NA,NA,near sexual maturity,7,0.583333333,5
36,Block 1,CE Fundulus chrysotus,Consumptive Fundulus chrysotus,Fundulus chrysotus,Lethal,Consumptive,CE,2017-10-03T00:00:00Z,2017-01-25T00:00:00Z,251,251,251,DSC_7275,NA,2.682,11.695,41.695,76.687,10.151,0.166115538,Metamorph,Terrestrial,Mature,NA,34.992,NA,NA,NA,NA,NA,NA,NA,NA,NA,NA,NA,NA,NA,8,0.666666667,4
14,Block 5,CE Fundulus chrysotus,Consumptive Fundulus chrysotus,Fundulus chrysotus,Lethal,Consumptive,CE,2017-10-07T00:00:00Z,2017-01-31T00:00:00Z,249,249,249,DSC_7279,NA,2.321,9.64,37.689,69.811,10.333,0.151361446,Metamorph,Terrestrial,Mature,NA,32.122,NA,NA,NA,NA,NA,NA,NA,NA,NA,NA,NA,NA,NA,6,0.5,6
17,Block 2,NCE Fundulus chrysotus,Non-consumptive Fundulus chrysotus,Fundulus chrysotus,Non-lethal,Non-consumptive,NCE,2017-10-07T00:00:00Z,2017-01-25T00:00:00Z,255,255,255,DSC_7280,NA,2.95,11.617,42.197,78.732,10.564,0.165478431,Metamorph,Terrestrial,Mature,NA,36.535,NA,NA,NA,NA,NA,NA,NA,NA,NA,NA,NA,NA,NA,9,0.75,3
26,Block 5,NCE Lepomis cyanellus,Non-consumptive Lepomis cyanellus,Lepomis cyanellus,Non-lethal,Non-consumptive,NCE,2017-10-07T00:00:00Z,2017-01-31T00:00:00Z,249,249,249,DSC_7281,NA,2.484,11.211,37.497,70.606,10.252,0.150590361,Metamorph,Terrestrial,Mature,NA,33.109,NA,NA,NA,NA,NA,NA,NA,NA,NA,NA,NA,NA,NA,9,0.75,3
24,Block 1,NCE Fundulus chrysotus,Non-consumptive Fundulus chrysotus,Fundulus chrysotus,Non-lethal,Non-consumptive,NCE,2017-10-10T00:00:00Z,2017-01-25T00:00:00Z,258,258,258,DSC_7286,NA,3.033,11.742,43.564,81.135,10.794,0.168852713,Metamorph,Terrestrial,Mature,NA,37.571,NA,NA,NA,NA,NA,NA,NA,NA,NA,NA,NA,NA,NA,12,1,0
26,Block 5,NCE Lepomis cyanellus,Non-consumptive Lepomis cyanellus,Lepomis cyanellus,Non-lethal,Non-consumptive,NCE,2017-10-10T00:00:00Z,2017-01-31T00:00:00Z,252,252,252,DSC_7287,NA,2.552,11.769,41.633,76.75,10.558,0.165210317,Metamorph,Terrestrial,Mature,NA,35.117,NA,NA,NA,NA,NA,NA,NA,NA,NA,NA,NA,NA,NA,9,0.75,3
38,Block 5,NCE Control,Non-consumptive Control,Control,Non-lethal,Non-consumptive,NCE,2017-10-10T00:00:00Z,2017-01-31T00:00:00Z,252,252,252,DSC_7288,NA,3.183,11.965,43.704,85.795,11.178,0.173428571,Metamorph,Terrestrial,Mature,NA,42.091,NA,NA,NA,NA,NA,NA,NA,NA,NA,NA,NA,NA,NA,10,0.833333333,2
1,Block 6,CE Aphredoderus sayanus,Consumptive Aphredoderus sayanus,Aphredoderus sayanus,Lethal,Consumptive,CE,2017-12-12T00:00:00Z,2017-01-31T00:00:00Z,NA,315,315,DSC_7498,DSC_7506,10.617,14.954,57.905,114.765,14.136,0.183825397,Paedomorph,Aquatic,Mature,Female,56.86,DSC_7506,13.451,8.204,583.747,51.176,39.66,5.772,32.204,39.23,29.904,238.17,51.178,NA,3,0.25,9
2,Block 5,CE Lepomis cyanellus,Consumptive Lepomis cyanellus,Lepomis cyanellus,Lethal,Consumptive,CE,2017-12-12T00:00:00Z,2017-01-31T00:00:00Z,NA,315,315,DSC_7507,DSC_7513,2.42,12.043,39.245,80.524,10.146,0.124587302,Larva,Aquatic,Immature,NA,41.279,DSC_7513,9.594,6.564,312.318,36.484,30.605,7.063,24.711,29.704,32.859,227.732,36.668,NA,1,0.083333333,11
3,Block 4,CE Lepomis cyanellus,Consumptive Lepomis cyanellus,Lepomis cyanellus,Lethal,Consumptive,CE,2017-12-12T00:00:00Z,2017-01-25T00:00:00Z,NA,321,321,DSC_7509,DSC_7514,3.755,11.715,41.215,84.347,9.742,0.128395639,Paedomorph,Aquatic,Mature,Male,43.132,DSC_7514,9.702,6.519,277.686,27.812,22.175,4.532,18.175,21.858,28.485,232.946,27.82,NA,1,0.083333333,11
5,Block 2,CE Fundulus chrysotus,Consumptive Fundulus chrysotus,Fundulus chrysotus,Lethal,Consumptive,CE,2017-12-12T00:00:00Z,2017-01-25T00:00:00Z,NA,321,321,DSC_7525,DSC_7526,2.306,10.679,37.557,69.942,9.606,0.117,Larva,Aquatic,Immature,NA,32.385,DSC_7526,9.527,6.949,257.707,47.357,40.653,16.678,34.91,39.936,32.06,176.43,47.372,NA,2,0.166666667,10
5,Block 2,CE Fundulus chrysotus,Consumptive Fundulus chrysotus,Fundulus chrysotus,Lethal,Consumptive,CE,2017-12-12T00:00:00Z,2017-01-25T00:00:00Z,NA,321,321,DSC_7527,DSC_7528,2.67,11.851,39.967,73.145,9.86,0.124507788,Larva,Aquatic,Immature,NA,33.178,DSC_7528,10.246,6.554,284.183,61.544,46.143,13.052,40.245,46.974,25.52,222.581,61.546,NA,2,0.166666667,10
6,Block 1,CE Lepomis cyanellus,Consumptive Lepomis cyanellus,Lepomis cyanellus,Lethal,Consumptive,CE,2017-12-12T00:00:00Z,2017-01-25T00:00:00Z,NA,321,321,DSC_7529,DSC_7531,1.101,9.488,29.112,58.872,7.764,0.090691589,Larva,Aquatic,Immature,NA,29.76,DSC_7531,7.301,4.657,137.527,31.6,19.285,2.743,17.824,21.075,14.817,232.802,31.6,NA,5,0.416666667,7
6,Block 1,CE Lepomis cyanellus,Consumptive Lepomis cyanellus,Lepomis cyanellus,Lethal,Consumptive,CE,2017-12-12T00:00:00Z,2017-01-25T00:00:00Z,NA,321,321,DSC_7532,DSC_7533,1.319,10.636,32.791,65.121,8.22,0.102152648,Larva,Aquatic,Immature,NA,32.33,DSC_7533,6.307,4.886,125.635,31.583,18.085,0.581,16.736,20.118,14.273,229.167,31.583,NA,5,0.416666667,7
6,Block 1,CE Lepomis cyanellus,Consumptive Lepomis cyanellus,Lepomis cyanellus,Lethal,Consumptive,CE,2017-12-12T00:00:00Z,2017-01-25T00:00:00Z,NA,321,321,DSC_7534,DSC_7535,2.014,11.623,36.442,73.531,9.404,0.11352648,Larva,Aquatic,Immature,NA,37.089,DSC_7535,10.037,6.093,272.645,13.337,5.454,0.024,6.267,7.16,5.972,151.625,13.337,NA,5,0.416666667,7
6,Block 1,CE Lepomis cyanellus,Consumptive Lepomis cyanellus,Lepomis cyanellus,Lethal,Consumptive,CE,2017-12-12T00:00:00Z,2017-01-25T00:00:00Z,NA,321,321,DSC_7536,DSC_7537,1.288,9.753,31.429,64.064,7.812,0.097909657,Larva,Aquatic,Immature,NA,32.635,DSC_7537,8.375,4.837,211.262,35.777,22.324,1.763,19.952,23.982,14.346,196.155,35.777,NA,5,0.416666667,7
6,Block 1,CE Lepomis cyanellus,Consumptive Lepomis cyanellus,Lepomis cyanellus,Lethal,Consumptive,CE,2017-12-12T00:00:00Z,2017-01-25T00:00:00Z,NA,321,321,DSC_7538,DSC_7539,1.415,10.005,33.578,65.562,8.706,0.104604361,Larva,Aquatic,Immature,NA,31.984,DSC_7539,7.621,4.555,212.962,43.067,34.602,8.36,28.684,34.112,27.197,226.765,43.125,NA,5,0.416666667,7
38,Block 5,NCE Control,Non-consumptive Control,Control,Non-lethal,Non-consumptive,NCE,2017-12-12T00:00:00Z,2017-01-31T00:00:00Z,NA,315,315,DSC_7571,DSC_7573,4.733,12.837,48.053,95.944,11.896,0.152549206,Paedomorph,Aquatic,Mature,Male,47.891,DSC_7573,10.637,7.219,362.094,72.219,59.381,10.913,47.507,57.665,30.506,230.331,72.22,NA,10,0.833333333,2
38,Block 5,NCE Control,Non-consumptive Control,Control,Non-lethal,Non-consumptive,NCE,2017-12-12T00:00:00Z,2017-01-31T00:00:00Z,NA,315,315,DSC_7574,DSC_7575,3.79,13.429,44,89.641,10.801,0.13968254,Paedomorph,Aquatic,Mature,Female,45.641,DSC_7575,10.664,6.702,319.23,87.586,65.647,12.682,55.306,66.182,28.724,226.249,87.586,NA,10,0.833333333,2
38,Block 5,NCE Control,Non-consumptive Control,Control,Non-lethal,Non-consumptive,NCE,2017-12-12T00:00:00Z,2017-01-31T00:00:00Z,NA,315,315,DSC_7576,DSC_7578,3.858,12.847,43.865,89.147,10.955,0.139253968,Paedomorph,Aquatic,Mature,Female,45.282,DSC_7578,10.445,6.467,318.921,91.18,75.81,19.202,62.063,73.948,32.364,213.523,91.183,NA,10,0.833333333,2
38,Block 5,NCE Control,Non-consumptive Control,Control,Non-lethal,Non-consumptive,NCE,2017-12-12T00:00:00Z,2017-01-31T00:00:00Z,NA,315,315,DSC_7579,DSC_7580,4.088,12.334,45.763,85.042,10.248,0.145279365,Paedomorph,Aquatic,Mature,Female,39.279,DSC_7580,9.52,6.557,314.917,112.172,88.718,17.912,72.934,87.64,30.879,224.283,112.172,NA,10,0.833333333,2
38,Block 5,NCE Control,Non-consumptive Control,Control,Non-lethal,Non-consumptive,NCE,2017-12-12T00:00:00Z,2017-01-31T00:00:00Z,NA,315,315,DSC_7581,DSC_7582,3.685,13.771,45.612,91.261,10.85,0.1448,Larva,Aquatic,Immature,NA,45.649,DSC_7582,9.678,6.342,344.685,114.653,88.846,18.914,74.136,88.601,29.865,223.226,114.653,NA,10,0.833333333,2
38,Block 5,NCE Control,Non-consumptive Control,Control,Non-lethal,Non-consumptive,NCE,2017-12-12T00:00:00Z,2017-01-31T00:00:00Z,NA,315,315,DSC_7583,DSC_7584,4.9,13.824,49.202,100.651,11.347,0.156196825,Paedomorph,Aquatic,Mature,Male,51.449,DSC_7584,9.108,6.798,350.356,68.797,57.704,16.271,47.568,56.296,28.918,224.116,68.803,NA,10,0.833333333,2
38,Block 5,NCE Control,Non-consumptive Control,Control,Non-lethal,Non-consumptive,NCE,2017-12-12T00:00:00Z,2017-01-31T00:00:00Z,NA,315,315,DSC_7585,DSC_7586,3.58,13.283,45.147,87.527,10.254,0.14332381,Paedomorph,Aquatic,Mature,Female,42.38,DSC_7586,10.498,6.879,306.929,70.193,53.33,9.582,44.369,53.397,28.019,232.537,70.193,NA,10,0.833333333,2
39,Block 4,NCE Aphredoderus sayanus,Non-consumptive Aphredoderus sayanus,Aphredoderus sayanus,Non-lethal,Non-consumptive,NCE,2017-12-12T00:00:00Z,2017-01-25T00:00:00Z,NA,321,321,DSC_7587,DSC_7588,3.737,14.784,43.229,87.183,10.31,0.134669782,Paedomorph,Aquatic,Mature,Male,43.954,DSC_7588,10.848,6.471,320.65,83.739,66.566,15.429,55.23,65.894,28.867,223.873,83.741,NA,8,0.666666667,4
39,Block 4,NCE Aphredoderus sayanus,Non-consumptive Aphredoderus sayanus,Aphredoderus sayanus,Non-lethal,Non-consumptive,NCE,2017-12-12T00:00:00Z,2017-01-25T00:00:00Z,NA,321,321,DSC_7589,DSC_7590,4.305,14.479,47.766,96.65,10.923,0.148803738,Paedomorph,Aquatic,Mature,Male,48.884,DSC_7590,11.47,7.647,403.858,86.481,66.157,11.284,54.648,65.978,28.173,232.401,86.481,NA,8,0.666666667,4
39,Block 4,NCE Aphredoderus sayanus,Non-consumptive Aphredoderus sayanus,Aphredoderus sayanus,Non-lethal,Non-consumptive,NCE,2017-12-12T00:00:00Z,2017-01-25T00:00:00Z,NA,321,321,DSC_7591,DSC_7592,3.602,11.842,44.28,93.021,10.839,0.137943925,Larva,Aquatic,Immature,NA,48.741,DSC_7592,10.474,6.918,391.05,101.458,78.082,21.717,67.094,78.637,29.424,211.772,101.462,NA,8,0.666666667,4
39,Block 4,NCE Aphredoderus sayanus,Non-consumptive Aphredoderus sayanus,Aphredoderus sayanus,Non-lethal,Non-consumptive,NCE,2017-12-12T00:00:00Z,2017-01-25T00:00:00Z,NA,321,321,DSC_7593,DSC_7594,3.22,13.266,39.529,84.464,10.643,0.123143302,Paedomorph,Aquatic,Mature,Female,44.935,DSC_7594,9.796,6.334,304.344,92.796,76.932,23.056,64.256,75.504,32.217,204.312,92.803,NA,8,0.666666667,4
40,Block 3,CE Lepomis cyanellus,Consumptive Lepomis cyanellus,Lepomis cyanellus,Lethal,Consumptive,CE,2017-12-12T00:00:00Z,2017-01-25T00:00:00Z,NA,321,321,DSC_7595,DSC_7596,1.708,10.984,33.567,69.917,8.654,0.104570093,Larva,Aquatic,Immature,NA,36.35,DSC_7596,9.108,5.529,243.072,59.361,48.784,9.393,39.184,47.451,30.647,229.371,59.432,NA,1,0.083333333,11
41,Block 2,NCE Aphredoderus sayanus,Non-consumptive Aphredoderus sayanus,Aphredoderus sayanus,Non-lethal,Non-consumptive,NCE,2017-12-12T00:00:00Z,2017-01-25T00:00:00Z,NA,321,321,DSC_7597,DSC_7598,2.015,11.229,37.919,76.263,8.706,0.118127726,Larva,Aquatic,Immature,NA,38.344,DSC_7598,8.812,5.641,281.049,82.86,67.959,20.199,56.994,66.978,31.063,209.572,82.871,NA,11,0.916666667,1
41,Block 2,NCE Aphredoderus sayanus,Non-consumptive Aphredoderus sayanus,Aphredoderus sayanus,Non-lethal,Non-consumptive,NCE,2017-12-12T00:00:00Z,2017-01-25T00:00:00Z,NA,321,321,DSC_7599,DSC_7600,2.711,11.539,41.627,78.503,9.913,0.129679128,Larva,Aquatic,Immature,NA,36.876,DSC_7600,10.208,6.721,344.595,75.67,62.595,16.744,51.674,61.269,31.677,216.876,75.692,NA,11,0.916666667,1
41,Block 2,NCE Aphredoderus sayanus,Non-consumptive Aphredoderus sayanus,Aphredoderus sayanus,Non-lethal,Non-consumptive,NCE,2017-12-12T00:00:00Z,2017-01-25T00:00:00Z,NA,321,321,DSC_7601,DSC_7602,2.005,11.136,35.71,75.619,8.863,0.111246106,Larva,Aquatic,Immature,NA,39.909,DSC_7602,9.228,5.131,283.179,87.292,72.103,17.111,58.838,70.393,32.102,216.929,87.293,NA,11,0.916666667,1
41,Block 2,NCE Aphredoderus sayanus,Non-consumptive Aphredoderus sayanus,Aphredoderus sayanus,Non-lethal,Non-consumptive,NCE,2017-12-12T00:00:00Z,2017-01-25T00:00:00Z,NA,321,321,DSC_7603,DSC_7604,2.217,11.835,39.54,79.326,9.469,0.12317757,Larva,Aquatic,Immature,NA,39.786,DSC_7604,9.162,5.629,278.947,90.989,74.244,18.575,61.272,72.895,30.97,216.495,90.99,NA,11,0.916666667,1
41,Block 2,NCE Aphredoderus sayanus,Non-consumptive Aphredoderus sayanus,Aphredoderus sayanus,Non-lethal,Non-consumptive,NCE,2017-12-12T00:00:00Z,2017-01-25T00:00:00Z,NA,321,321,DSC_7605,DSC_7606,2.05,11.094,35.895,73.805,9.19,0.11182243,Larva,Aquatic,Immature,NA,37.91,DSC_7606,9.328,5.749,273.085,93.834,78.668,22.363,64.956,76.806,32.368,208.915,93.834,NA,11,0.916666667,1
41,Block 2,NCE Aphredoderus sayanus,Non-consumptive Aphredoderus sayanus,Aphredoderus sayanus,Non-lethal,Non-consumptive,NCE,2017-12-12T00:00:00Z,2017-01-25T00:00:00Z,NA,321,321,DSC_7607,DSC_7608,2.301,11.533,38.229,78.402,9.532,0.119093458,Larva,Aquatic,Immature,NA,40.173,DSC_7608,9.15,5.907,286.763,95.591,80.907,31.25,69.24,79.627,32.215,186.7,95.613,NA,11,0.916666667,1
41,Block 2,NCE Aphredoderus sayanus,Non-consumptive Aphredoderus sayanus,Aphredoderus sayanus,Non-lethal,Non-consumptive,NCE,2017-12-12T00:00:00Z,2017-01-25T00:00:00Z,NA,321,321,DSC_7609,DSC_7610,2.054,10.384,37.138,72.62,9.003,0.115694704,Larva,Aquatic,Immature,NA,35.482,DSC_7610,7.466,4.893,179.198,100.542,85.478,28.452,71.501,83.477,33.034,193.829,100.547,NA,11,0.916666667,1
41,Block 2,NCE Aphredoderus sayanus,Non-consumptive Aphredoderus sayanus,Aphredoderus sayanus,Non-lethal,Non-consumptive,NCE,2017-12-12T00:00:00Z,2017-01-25T00:00:00Z,NA,321,321,DSC_7611,DSC_7612,1.65,9.912,36.217,72.236,8.678,0.112825545,Larva,Aquatic,Immature,NA,36.019,DSC_7612,7.282,5.255,202.947,84.531,68.257,21.103,57.986,67.78,30.87,201.33,84.531,NA,11,0.916666667,1
41,Block 2,NCE Aphredoderus sayanus,Non-consumptive Aphredoderus sayanus,Aphredoderus sayanus,Non-lethal,Non-consumptive,NCE,2017-12-12T00:00:00Z,2017-01-25T00:00:00Z,NA,321,321,DSC_7613,DSC_7614,2.372,11.671,38.856,78.869,9.453,0.121046729,Larva,Aquatic,Immature,NA,40.013,DSC_7614,9.026,6.15,276.513,89.375,73.527,18.833,60.574,72.037,31.975,214.256,89.384,NA,11,0.916666667,1
41,Block 2,NCE Aphredoderus sayanus,Non-consumptive Aphredoderus sayanus,Aphredoderus sayanus,Non-lethal,Non-consumptive,NCE,2017-12-12T00:00:00Z,2017-01-25T00:00:00Z,NA,321,321,DSC_7615,DSC_7616,2.2,10.834,38.248,75.099,9.25,0.119152648,Larva,Aquatic,Immature,NA,36.851,DSC_7616,8.409,5.457,223.454,79.987,62.796,8.405,50.414,61.754,30.936,235.09,79.988,NA,11,0.916666667,1
42,Block 1,NCE Lepomis cyanellus,Non-consumptive Lepomis cyanellus,Lepomis cyanellus,Non-lethal,Non-consumptive,NCE,2017-12-12T00:00:00Z,2017-01-25T00:00:00Z,NA,321,321,DSC_7617,DSC_7618,2.629,11.243,39.08,77.257,9.73,0.121744548,Larva,Aquatic,Immature,NA,38.177,DSC_7618,9.131,6.555,242.459,84.706,65.644,13.878,54.737,65.462,29.718,223.557,84.708,NA,11,0.916666667,1
42,Block 1,NCE Lepomis cyanellus,Non-consumptive Lepomis cyanellus,Lepomis cyanellus,Non-lethal,Non-consumptive,NCE,2017-12-12T00:00:00Z,2017-01-25T00:00:00Z,NA,321,321,DSC_7619,DSC_7620,2.79,11.741,40.054,83.561,10.266,0.124778816,Larva,Aquatic,Immature,NA,43.507,DSC_7620,9.575,5.714,276.925,71.873,58.257,13.752,47.956,57.255,30.234,223.158,71.873,NA,11,0.916666667,1
42,Block 1,NCE Lepomis cyanellus,Non-consumptive Lepomis cyanellus,Lepomis cyanellus,Non-lethal,Non-consumptive,NCE,2017-12-12T00:00:00Z,2017-01-25T00:00:00Z,NA,321,321,DSC_7621,DSC_7622,2.003,11.091,37.325,73.015,9.49,0.116277259,Larva,Aquatic,Immature,NA,35.69,DSC_7622,8.918,6.189,285.64,81.362,66.963,18.103,55.455,65.694,31.109,213.67,81.362,NA,11,0.916666667,1
42,Block 1,NCE Lepomis cyanellus,Non-consumptive Lepomis cyanellus,Lepomis cyanellus,Non-lethal,Non-consumptive,NCE,2017-12-12T00:00:00Z,2017-01-25T00:00:00Z,NA,321,321,DSC_7623,DSC_7624,2.954,12.807,41.956,85.126,10.743,0.13070405,Larva,Aquatic,Immature,NA,43.17,DSC_7624,9.641,6.342,283.79,80.579,62.666,14.579,52.604,62.538,29.1,220.409,80.579,NA,11,0.916666667,1
42,Block 1,NCE Lepomis cyanellus,Non-consumptive Lepomis cyanellus,Lepomis cyanellus,Non-lethal,Non-consumptive,NCE,2017-12-12T00:00:00Z,2017-01-25T00:00:00Z,NA,321,321,DSC_7625,DSC_7626,1.912,10.98,34.128,71.852,9.089,0.106317757,Larva,Aquatic,Immature,NA,37.724,DSC_7626,8.487,4.882,239.603,87.68,73.503,19.882,60.353,71.605,32.666,209.396,87.691,NA,11,0.916666667,1
42,Block 1,NCE Lepomis cyanellus,Non-consumptive Lepomis cyanellus,Lepomis cyanellus,Non-lethal,Non-consumptive,NCE,2017-12-12T00:00:00Z,2017-01-25T00:00:00Z,NA,321,321,DSC_7628,DSC_7629,2.649,11.853,38.853,79.463,10.343,0.121037383,Larva,Aquatic,Immature,NA,40.61,DSC_7629,9.374,6.481,265.723,84.68,66.776,16.291,55.93,66.346,29.569,217.853,84.681,NA,11,0.916666667,1
42,Block 1,NCE Lepomis cyanellus,Non-consumptive Lepomis cyanellus,Lepomis cyanellus,Non-lethal,Non-consumptive,NCE,2017-12-12T00:00:00Z,2017-01-25T00:00:00Z,NA,321,321,DSC_7630,DSC_7631,2.37,12.188,38.954,75.711,10.106,0.121352025,Larva,Aquatic,Immature,NA,36.757,DSC_7631,9.06,5.193,203.289,80.339,64.454,16.947,53.924,63.787,29.871,214.97,80.339,NA,11,0.916666667,1
42,Block 1,NCE Lepomis cyanellus,Non-consumptive Lepomis cyanellus,Lepomis cyanellus,Non-lethal,Non-consumptive,NCE,2017-12-12T00:00:00Z,2017-01-25T00:00:00Z,NA,321,321,DSC_7632,DSC_7633,2.506,11.541,39.361,76.536,9.498,0.122619938,Larva,Aquatic,Immature,NA,37.175,DSC_7633,10.029,6.892,298.628,80.844,65.367,15.07,53.758,64.239,31.437,218.689,80.848,NA,11,0.916666667,1
42,Block 1,NCE Lepomis cyanellus,Non-consumptive Lepomis cyanellus,Lepomis cyanellus,Non-lethal,Non-consumptive,NCE,2017-12-12T00:00:00Z,2017-01-25T00:00:00Z,NA,321,321,DSC_7634,DSC_7635,2.017,9.857,35.971,71.446,9.16,0.11205919,Larva,Aquatic,Immature,NA,35.475,DSC_7635,9.538,6.507,280.586,76.915,63.016,15.517,51.814,61.757,31.365,218.031,76.921,NA,11,0.916666667,1
42,Block 1,NCE Lepomis cyanellus,Non-consumptive Lepomis cyanellus,Lepomis cyanellus,Non-lethal,Non-consumptive,NCE,2017-12-12T00:00:00Z,2017-01-25T00:00:00Z,NA,321,321,DSC_7636,DSC_7637,2.601,12.474,40.298,78.528,10.02,0.125538941,Larva,Aquatic,Immature,NA,38.23,DSC_7637,8.809,5.934,281.249,91.771,77.518,20.38,63.215,75.258,33.426,209.083,91.778,NA,11,0.916666667,1
42,Block 1,NCE Lepomis cyanellus,Non-consumptive Lepomis cyanellus,Lepomis cyanellus,Non-lethal,Non-consumptive,NCE,2017-12-12T00:00:00Z,2017-01-25T00:00:00Z,NA,321,321,DSC_7638,DSC_7639,1.909,10.189,36.549,70.101,8.712,0.113859813,Larva,Aquatic,Immature,NA,33.552,DSC_7639,9.251,5.692,252.262,86.266,68.902,18.672,57.915,68.357,29.772,213.277,86.266,NA,11,0.916666667,1
7,Block 6,NCE Control,Non-consumptive Control,Control,Non-lethal,Non-consumptive,NCE,2017-12-13T00:00:00Z,2017-01-31T00:00:00Z,NA,316,316,DSC_7640,DSC_7641,6.431,14.888,49.941,100.013,12.086,0.158041139,Paedomorph,Aquatic,Mature,Female,50.072,DSC_7641,12.402,8.47,483.694,70.264,55.842,20.417,48.836,56.115,25.213,208.524,70.272,NA,4,0.333333333,8
7,Block 6,NCE Control,Non-consumptive Control,Control,Non-lethal,Non-consumptive,NCE,2017-12-13T00:00:00Z,2017-01-31T00:00:00Z,NA,316,316,DSC_7642,DSC_7643,8.581,14.91,56.765,109.965,13.308,0.179636076,Paedomorph,Aquatic,Mature,Female,53.2,DSC_7643,13.514,9.275,553.629,37.945,31.125,9.167,26.11,30.626,27.013,219.321,37.969,NA,4,0.333333333,8
8,Block 5,NCE Fundulus chrysotus,Non-consumptive Fundulus chrysotus,Fundulus chrysotus,Non-lethal,Non-consumptive,NCE,2017-12-13T00:00:00Z,2017-01-31T00:00:00Z,NA,316,316,DSC_7644,DSC_7645,10.023,15.922,59.139,117.01,13.573,0.187148734,Paedomorph,Aquatic,Mature,Female,57.871,DSC_7645,12.319,9.489,567.325,50.381,39.806,5.606,31.946,39.078,28.571,241.535,50.384,NA,7,0.583333333,5
8,Block 5,NCE Fundulus chrysotus,Non-consumptive Fundulus chrysotus,Fundulus chrysotus,Non-lethal,Non-consumptive,NCE,2017-12-13T00:00:00Z,2017-01-31T00:00:00Z,NA,316,316,DSC_7646,DSC_7647,8.679,15.023,57.622,115.654,14.858,0.182348101,Paedomorph,Aquatic,Mature,Male,58.032,DSC_7647,10.313,8.59,447.802,19.036,15.873,1.258,12.044,15.096,26.538,218.232,19.174,NA,7,0.583333333,5
8,Block 5,NCE Fundulus chrysotus,Non-consumptive Fundulus chrysotus,Fundulus chrysotus,Non-lethal,Non-consumptive,NCE,2017-12-13T00:00:00Z,2017-01-31T00:00:00Z,NA,316,316,DSC_7648,DSC_7649,9.296,15.72,59.879,115.906,12.613,0.189490506,Paedomorph,Aquatic,Mature,Female,56.027,DSC_7649,11.985,8.64,492.909,27.027,19.726,3.742,16.824,20.079,15.778,176.876,27.033,NA,7,0.583333333,5
9,Block 4,NCE Fundulus chrysotus,Non-consumptive Fundulus chrysotus,Fundulus chrysotus,Non-lethal,Non-consumptive,NCE,2017-12-13T00:00:00Z,2017-01-25T00:00:00Z,NA,322,322,DSC_7650,DSC_7651,2.662,11.465,39.526,77.834,10.155,0.122751553,Larva,Aquatic,Immature,NA,38.308,DSC_7651,8.563,6.356,306.325,89.358,76.514,23.35,63.067,74.296,33.642,201.06,89.416,NA,12,1,0
9,Block 4,NCE Fundulus chrysotus,Non-consumptive Fundulus chrysotus,Fundulus chrysotus,Non-lethal,Non-consumptive,NCE,2017-12-13T00:00:00Z,2017-01-25T00:00:00Z,NA,322,322,DSC_7652,DSC_7653,2.408,11.514,38.833,71.872,9.991,0.120599379,Larva,Aquatic,Immature,NA,33.039,DSC_7653,9.812,6.296,256.925,77.279,62.347,18.544,52.725,61.817,30.5,211.099,77.294,NA,12,1,0
9,Block 4,NCE Fundulus chrysotus,Non-consumptive Fundulus chrysotus,Fundulus chrysotus,Non-lethal,Non-consumptive,NCE,2017-12-13T00:00:00Z,2017-01-25T00:00:00Z,NA,322,322,DSC_7654,DSC_7655,2.128,10.905,36.936,72.941,9.272,0.114708075,Larva,Aquatic,Immature,NA,36.005,DSC_7655,9.013,6.265,221.305,70.62,61.699,20.082,50.806,59.604,33.53,205.017,70.705,NA,12,1,0
9,Block 4,NCE Fundulus chrysotus,Non-consumptive Fundulus chrysotus,Fundulus chrysotus,Non-lethal,Non-consumptive,NCE,2017-12-13T00:00:00Z,2017-01-25T00:00:00Z,NA,322,322,DSC_7656,DSC_7657,2.486,13.029,38.336,76.216,10.088,0.119055901,Larva,Aquatic,Immature,NA,37.88,DSC_7657,9.844,6.762,292.384,63.189,55.247,17.837,45.429,53.353,33.418,207.726,63.498,NA,12,1,0
9,Block 4,NCE Fundulus chrysotus,Non-consumptive Fundulus chrysotus,Fundulus chrysotus,Non-lethal,Non-consumptive,NCE,2017-12-13T00:00:00Z,2017-01-25T00:00:00Z,NA,322,322,DSC_7658,DSC_7659,2.179,10.92,40.651,75.678,9.804,0.126245342,Larva,Aquatic,Immature,NA,35.027,DSC_7659,8.839,4.198,293.843,70.237,58.667,15.191,48.037,57.205,31.17,220.01,70.248,NA,12,1,0
9,Block 4,NCE Fundulus chrysotus,Non-consumptive Fundulus chrysotus,Fundulus chrysotus,Non-lethal,Non-consumptive,NCE,2017-12-13T00:00:00Z,2017-01-25T00:00:00Z,NA,322,322,DSC_7660,DSC_7661,2.601,11.932,41.025,79.038,10.006,0.127406832,Larva,Aquatic,Immature,NA,38.013,DSC_7661,9.533,6.195,302.231,85.969,75.084,25.384,62.146,72.668,34.611,196.685,86.191,NA,12,1,0
9,Block 4,NCE Fundulus chrysotus,Non-consumptive Fundulus chrysotus,Fundulus chrysotus,Non-lethal,Non-consumptive,NCE,2017-12-13T00:00:00Z,2017-01-25T00:00:00Z,NA,322,322,DSC_7662,DSC_7663,2.239,11.02,39.255,70.357,9.022,0.121909938,Larva,Aquatic,Immature,NA,31.102,DSC_7663,9.13,6.28,257.584,72.749,58.47,15.628,48.949,57.862,30.557,214.014,72.758,NA,12,1,0
9,Block 4,NCE Fundulus chrysotus,Non-consumptive Fundulus chrysotus,Fundulus chrysotus,Non-lethal,Non-consumptive,NCE,2017-12-13T00:00:00Z,2017-01-25T00:00:00Z,NA,322,322,DSC_7664,DSC_7665,2.723,12.517,40.436,78.676,9.63,0.12557764,Larva,Aquatic,Immature,NA,38.24,DSC_7665,9.678,6.081,286.964,82.406,67.215,13.671,54.43,65.655,31.873,223.554,82.419,NA,12,1,0
9,Block 4,NCE Fundulus chrysotus,Non-consumptive Fundulus chrysotus,Fundulus chrysotus,Non-lethal,Non-consumptive,NCE,2017-12-13T00:00:00Z,2017-01-25T00:00:00Z,NA,322,322,DSC_7666,DSC_7667,2.395,11.688,39.891,78.157,9.894,0.123885093,Larva,Aquatic,Immature,NA,38.266,DSC_7667,9.911,6.412,288.597,85.356,71.944,18.953,58.757,69.912,32.618,212.084,85.368,NA,12,1,0
9,Block 4,NCE Fundulus chrysotus,Non-consumptive Fundulus chrysotus,Fundulus chrysotus,Non-lethal,Non-consumptive,NCE,2017-12-13T00:00:00Z,2017-01-25T00:00:00Z,NA,322,322,DSC_7668,DSC_7669,2.44,12.441,40.658,79.297,9.651,0.126267081,Larva,Aquatic,Immature,NA,38.639,DSC_7669,8.327,6.303,268.047,80.851,67.704,16.478,55.017,65.783,32.926,214.14,80.87,NA,12,1,0
9,Block 4,NCE Fundulus chrysotus,Non-consumptive Fundulus chrysotus,Fundulus chrysotus,Non-lethal,Non-consumptive,NCE,2017-12-13T00:00:00Z,2017-01-25T00:00:00Z,NA,322,322,DSC_7670,DSC_7671,2.822,13.07,41.386,80.479,10.93,0.12852795,Larva,Aquatic,Immature,NA,39.093,DSC_7671,9.014,6.506,306.633,87.73,75.091,22.717,61.85,72.908,33.248,206.025,87.863,NA,12,1,0
9,Block 4,NCE Fundulus chrysotus,Non-consumptive Fundulus chrysotus,Fundulus chrysotus,Non-lethal,Non-consumptive,NCE,2017-12-13T00:00:00Z,2017-01-25T00:00:00Z,NA,322,322,DSC_7672,DSC_7673,2.274,12.442,39.384,76.106,9.711,0.122310559,Larva,Aquatic,Immature,NA,36.722,DSC_7673,9.242,6.111,266.026,83.652,71.35,22.665,59.208,69.501,33.099,201.771,83.695,NA,12,1,0
11,Block 2,CE Lepomis cyanellus,Consumptive Lepomis cyanellus,Lepomis cyanellus,Lethal,Consumptive,CE,2017-12-13T00:00:00Z,2017-01-25T00:00:00Z,NA,322,322,DSC_7688,DSC_7689,1.466,10.284,32.521,65.205,7.826,0.100996894,Larva,Aquatic,Immature,NA,32.684,DSC_7689,7.479,5.654,171.073,34.39,28.253,9.984,24.205,27.977,24.789,189.618,34.704,NA,1,0.083333333,11
12,Block 1,NCE Control,Non-consumptive Control,Control,Non-lethal,Non-consumptive,NCE,2017-12-13T00:00:00Z,2017-01-25T00:00:00Z,NA,322,322,DSC_7690,DSC_7691,2.436,10.441,37.136,73.387,9.343,0.115329193,Larva,Aquatic,Immature,NA,36.251,DSC_7691,9.014,6.07,259.886,85.419,78.028,28.399,63.951,74.576,36.983,196.122,85.917,NA,12,1,0
12,Block 1,NCE Control,Non-consumptive Control,Control,Non-lethal,Non-consumptive,NCE,2017-12-13T00:00:00Z,2017-01-25T00:00:00Z,NA,322,322,DSC_7692,DSC_7693,3.134,12.691,41.036,86.585,9.852,0.127440994,Larva,Aquatic,Immature,NA,45.549,DSC_7693,10.336,6.9,338.168,91.853,78.238,22.009,64.041,75.883,33.516,206.02,91.857,NA,12,1,0
12,Block 1,NCE Control,Non-consumptive Control,Control,Non-lethal,Non-consumptive,NCE,2017-12-13T00:00:00Z,2017-01-25T00:00:00Z,NA,322,322,DSC_7694,DSC_7695,2.462,12.856,39.175,78.215,9.63,0.121661491,Larva,Aquatic,Immature,NA,39.04,DSC_7695,9.87,6.165,259.235,83.308,72.569,23.428,59.774,70.171,33.82,201.972,83.372,NA,12,1,0
12,Block 1,NCE Control,Non-consumptive Control,Control,Non-lethal,Non-consumptive,NCE,2017-12-13T00:00:00Z,2017-01-25T00:00:00Z,NA,322,322,DSC_7696,DSC_7697,2.333,11.198,37.176,77.845,9.1,0.115453416,Larva,Aquatic,Immature,NA,40.669,DSC_7697,9.013,6.167,289.42,97.95,81.477,21.884,67.104,79.612,32.588,210.256,97.956,NA,12,1,0
12,Block 1,NCE Control,Non-consumptive Control,Control,Non-lethal,Non-consumptive,NCE,2017-12-13T00:00:00Z,2017-01-25T00:00:00Z,NA,322,322,DSC_7698,DSC_7699,2.104,11.026,37.451,72.217,9.012,0.116307453,Paedomorph,Aquatic,Mature,Female,34.766,DSC_7699,NA,NA,181.031,82.128,69.583,23.643,58.447,68.095,32.557,197.464,82.173,"preserved; female, pending paedomorph",12,1,0
12,Block 1,NCE Control,Non-consumptive Control,Control,Non-lethal,Non-consumptive,NCE,2017-12-13T00:00:00Z,2017-01-25T00:00:00Z,NA,322,322,DSC_7700,DSC_7701,2.843,10.933,40.566,80.585,9.878,0.125981366,Larva,Aquatic,Immature,NA,40.019,DSC_7701,8.497,6.491,259.561,60.548,47.884,9.292,39.236,47.274,28.188,231.732,60.558,NA,12,1,0
12,Block 1,NCE Control,Non-consumptive Control,Control,Non-lethal,Non-consumptive,NCE,2017-12-13T00:00:00Z,2017-01-25T00:00:00Z,NA,322,322,DSC_7702,DSC_7703,2.526,11.398,36.49,74.145,9.942,0.113322981,Larva,Aquatic,Immature,NA,37.655,DSC_7703,9.798,6.467,251.577,81.26,66.632,17.162,55.015,65.365,31.751,215.179,81.269,NA,12,1,0
12,Block 1,NCE Control,Non-consumptive Control,Control,Non-lethal,Non-consumptive,NCE,2017-12-13T00:00:00Z,2017-01-25T00:00:00Z,NA,322,322,DSC_7704,DSC_7705,2.548,14.875,40.362,75.239,9.571,0.125347826,Larva,Aquatic,Immature,NA,34.877,DSC_7705,8.929,5.916,250.657,89.564,76.892,23.778,63.409,74.628,33.654,201.539,89.674,NA,12,1,0
12,Block 1,NCE Control,Non-consumptive Control,Control,Non-lethal,Non-consumptive,NCE,2017-12-13T00:00:00Z,2017-01-25T00:00:00Z,NA,322,322,DSC_7706,DSC_7707,1.919,10.725,34.864,70.737,8.988,0.108273292,Paedomorph,Aquatic,Mature,Female,35.873,DSC_7707,7.071,4.912,196.691,86.13,74.469,22.479,61.033,72.022,33.991,204.38,86.181,"preserved; female, pending paedomorph",12,1,0
12,Block 1,NCE Control,Non-consumptive Control,Control,Non-lethal,Non-consumptive,NCE,2017-12-13T00:00:00Z,2017-01-25T00:00:00Z,NA,322,322,DSC_7708,DSC_7709,3.338,12.558,42.629,83.039,9.24,0.132388199,Larva,Aquatic,Immature,NA,40.41,DSC_7709,10.352,6.678,302.324,75.002,63.157,19.888,52.678,61.759,32.086,211.121,75.077,NA,12,1,0
12,Block 1,NCE Control,Non-consumptive Control,Control,Non-lethal,Non-consumptive,NCE,2017-12-13T00:00:00Z,2017-01-25T00:00:00Z,NA,322,322,DSC_7710,DSC_7711,2.205,11.118,36.624,73.073,9.358,0.11373913,Larva,Aquatic,Immature,NA,36.449,DSC_7711,8.432,6.46,271.019,82.361,67.984,15.61,55.317,66.319,32.371,219.656,82.392,NA,12,1,0
13,Block 6,NCE Lepomis cyanellus,Non-consumptive Lepomis cyanellus,Lepomis cyanellus,Non-lethal,Non-consumptive,NCE,2017-12-13T00:00:00Z,2017-01-31T00:00:00Z,NA,316,316,DSC_7712,DSC_7713,4.051,13.903,49.704,96.408,10.834,0.157291139,Larva,Aquatic,Immature,NA,46.704,DSC_7713,10.831,8.184,373.306,60.22,48.427,9.356,39.333,47.492,29.05,229.509,60.243,NA,10,0.833333333,2
13,Block 6,NCE Lepomis cyanellus,Non-consumptive Lepomis cyanellus,Lepomis cyanellus,Non-lethal,Non-consumptive,NCE,2017-12-13T00:00:00Z,2017-01-31T00:00:00Z,NA,316,316,DSC_7714,DSC_7715,4.744,13.228,46.548,95.703,11.154,0.147303797,Paedomorph,Aquatic,Mature,Female,49.155,DSC_7715,11.494,7.576,433.539,57.554,45.881,12.17,38.519,45.537,28.432,221.577,57.575,NA,10,0.833333333,2
13,Block 6,NCE Lepomis cyanellus,Non-consumptive Lepomis cyanellus,Lepomis cyanellus,Non-lethal,Non-consumptive,NCE,2017-12-13T00:00:00Z,2017-01-31T00:00:00Z,NA,316,316,DSC_7716,DSC_7717,5.25,14.839,49.874,99.742,11.841,0.157829114,Paedomorph,Aquatic,Mature,Male,49.868,DSC_7717,10.369,7.147,358.66,47.919,36.544,4.41,29.619,36.295,24.239,243.049,47.923,NA,10,0.833333333,2
13,Block 6,NCE Lepomis cyanellus,Non-consumptive Lepomis cyanellus,Lepomis cyanellus,Non-lethal,Non-consumptive,NCE,2017-12-13T00:00:00Z,2017-01-31T00:00:00Z,NA,316,316,DSC_7718,DSC_7719,4.892,14.634,48.314,93.66,11.075,0.152892405,Paedomorph,Aquatic,Mature,Male,45.346,DSC_7719,11.296,7.793,372.223,45.255,39.978,15.479,33.558,38.734,23.798,173.682,45.291,NA,10,0.833333333,2
13,Block 6,NCE Lepomis cyanellus,Non-consumptive Lepomis cyanellus,Lepomis cyanellus,Non-lethal,Non-consumptive,NCE,2017-12-13T00:00:00Z,2017-01-31T00:00:00Z,NA,316,316,DSC_7720,DSC_7721,4.486,13.266,48.225,96.635,11.116,0.152610759,Larva,Aquatic,Immature,NA,48.41,DSC_7721,11.771,7.876,422.452,48.951,38.462,9.308,32.24,38.287,26.272,227.436,48.987,NA,10,0.833333333,2
13,Block 6,NCE Lepomis cyanellus,Non-consumptive Lepomis cyanellus,Lepomis cyanellus,Non-lethal,Non-consumptive,NCE,2017-12-13T00:00:00Z,2017-01-31T00:00:00Z,NA,316,316,DSC_7722,DSC_7723,4.58,14.144,49.127,95.628,11.491,0.15546519,Larva,Aquatic,Immature,NA,46.501,DSC_7723,11.333,8.182,426.659,57.142,44.18,8.963,36.751,44.042,28.417,232.021,57.147,NA,10,0.833333333,2
13,Block 6,NCE Lepomis cyanellus,Non-consumptive Lepomis cyanellus,Lepomis cyanellus,Non-lethal,Non-consumptive,NCE,2017-12-13T00:00:00Z,2017-01-31T00:00:00Z,NA,316,316,DSC_7724,DSC_7726,4.42,13.334,45.419,89.524,11.692,0.143731013,Paedomorph,Aquatic,Mature,Female,44.105,DSC_7726,10.845,7.463,377.677,71.429,58.263,15.099,48.268,57.264,31.466,214.827,71.434,NA,10,0.833333333,2
14,Block 5,CE Fundulus chrysotus,Consumptive Fundulus chrysotus,Fundulus chrysotus,Lethal,Consumptive,CE,2017-12-13T00:00:00Z,2017-01-31T00:00:00Z,NA,316,316,DSC_7727,DSC_7728,2.95,11.746,42,81.902,9.733,0.132911392,Larva,Aquatic,Immature,NA,39.902,DSC_7728,9.624,6.572,312.808,61.408,50.081,15.078,42.186,49.495,29.81,213.891,61.427,NA,6,0.5,6
14,Block 5,CE Fundulus chrysotus,Consumptive Fundulus chrysotus,Fundulus chrysotus,Lethal,Consumptive,CE,2017-12-13T00:00:00Z,2017-01-31T00:00:00Z,NA,316,316,DSC_7729,DSC_7730,3.159,13.802,42.919,82.859,10.413,0.13581962,Larva,Aquatic,Immature,NA,39.94,DSC_7730,9.704,7.088,266.205,95.869,81.056,26.846,67.929,79.292,32.584,201.286,95.94,NA,6,0.5,6
14,Block 5,CE Fundulus chrysotus,Consumptive Fundulus chrysotus,Fundulus chrysotus,Lethal,Consumptive,CE,2017-12-13T00:00:00Z,2017-01-31T00:00:00Z,NA,316,316,DSC_7731,DSC_7732,3.033,12.437,42.745,84.274,10.324,0.135268987,Larva,Aquatic,Immature,NA,41.529,DSC_7732,9.084,6.088,285.045,66.556,55.836,15.122,45.861,54.389,32.55,212.989,66.579,NA,6,0.5,6
14,Block 5,CE Fundulus chrysotus,Consumptive Fundulus chrysotus,Fundulus chrysotus,Lethal,Consumptive,CE,2017-12-13T00:00:00Z,2017-01-31T00:00:00Z,NA,316,316,DSC_7733,DSC_7734,3.243,12.957,45.537,86.278,10.281,0.14410443,Larva,Aquatic,Immature,NA,40.741,DSC_7734,9.834,6.39,321.642,84.882,68.579,16.692,56.717,67.526,31.362,216.108,84.887,NA,6,0.5,6
14,Block 5,CE Fundulus chrysotus,Consumptive Fundulus chrysotus,Fundulus chrysotus,Lethal,Consumptive,CE,2017-12-13T00:00:00Z,2017-01-31T00:00:00Z,NA,316,316,DSC_7735,DSC_7736,3.45,13.949,44.811,90.191,10.832,0.141806962,Larva,Aquatic,Immature,NA,45.38,DSC_7736,9.85,8.256,328.897,75.436,55.639,12.568,47.886,56.65,27.61,224,75.436,NA,6,0.5,6
15,Block 4,NCE Lepomis cyanellus,Non-consumptive Lepomis cyanellus,Lepomis cyanellus,Non-lethal,Non-consumptive,NCE,2017-12-13T00:00:00Z,2017-01-25T00:00:00Z,NA,322,322,DSC_7737,DSC_7738,3.937,14.598,47.093,90.565,11.427,0.146251553,Larva,Aquatic,Immature,NA,43.472,DSC_7738,10.335,7.282,326.528,66.55,55.905,20.968,47.814,55.092,30.761,200.239,66.6,NA,10,0.833333333,2
15,Block 4,NCE Lepomis cyanellus,Non-consumptive Lepomis cyanellus,Lepomis cyanellus,Non-lethal,Non-consumptive,NCE,2017-12-13T00:00:00Z,2017-01-25T00:00:00Z,NA,322,322,DSC_7739,DSC_7740,4.144,13.813,47.599,94.151,11.216,0.147822981,Larva,Aquatic,Immature,NA,46.552,DSC_7740,10.743,8.113,350.907,79.953,64.98,24.046,56.328,64.802,29.153,204.583,79.957,NA,10,0.833333333,2
15,Block 4,NCE Lepomis cyanellus,Non-consumptive Lepomis cyanellus,Lepomis cyanellus,Non-lethal,Non-consumptive,NCE,2017-12-13T00:00:00Z,2017-01-25T00:00:00Z,NA,322,322,DSC_7741,DSC_7742,4.306,12.448,44.535,88.041,10.952,0.138307453,Larva,Aquatic,Immature,NA,43.506,DSC_7742,11.289,7.749,380.078,81.68,64.885,15.458,54.013,64.265,31.046,217.032,81.688,NA,10,0.833333333,2
15,Block 4,NCE Lepomis cyanellus,Non-consumptive Lepomis cyanellus,Lepomis cyanellus,Non-lethal,Non-consumptive,NCE,2017-12-13T00:00:00Z,2017-01-25T00:00:00Z,NA,322,322,DSC_7743,DSC_7744,4.567,13.668,46.855,91.96,10.905,0.145512422,Paedomorph,Aquatic,Mature,Male,45.105,DSC_7744,10.697,7.574,365.29,63.959,52.161,13.498,43.218,51.289,30.058,224.361,63.964,NA,10,0.833333333,2
15,Block 4,NCE Lepomis cyanellus,Non-consumptive Lepomis cyanellus,Lepomis cyanellus,Non-lethal,Non-consumptive,NCE,2017-12-13T00:00:00Z,2017-01-25T00:00:00Z,NA,322,322,DSC_7745,DSC_7746,4.088,13.194,46.439,93.444,10.769,0.144220497,Larva,Aquatic,Immature,NA,47.005,DSC_7746,10.275,7.663,376.752,81.444,64.662,11.842,52.648,63.668,31.178,228.205,81.453,NA,10,0.833333333,2
15,Block 4,NCE Lepomis cyanellus,Non-consumptive Lepomis cyanellus,Lepomis cyanellus,Non-lethal,Non-consumptive,NCE,2017-12-13T00:00:00Z,2017-01-25T00:00:00Z,NA,322,322,DSC_7747,DSC_7748,5.424,13.778,46.092,93.631,11.793,0.143142857,Larva,Aquatic,Immature,Male,47.539,DSC_7748,11.033,7.211,350.238,82.353,63.909,15.331,53.866,63.893,28.428,222.16,82.353,preserved; male larva,10,0.833333333,2
15,Block 4,NCE Lepomis cyanellus,Non-consumptive Lepomis cyanellus,Lepomis cyanellus,Non-lethal,Non-consumptive,NCE,2017-12-13T00:00:00Z,2017-01-25T00:00:00Z,NA,322,322,DSC_7749,DSC_7750,3.98,13.853,45.909,91.96,10.867,0.142574534,Larva,Aquatic,Immature,NA,46.051,DSC_7750,9.768,7.101,348.416,78.854,61.863,9.251,49.987,60.94,29.935,235.119,78.857,NA,10,0.833333333,2
15,Block 4,NCE Lepomis cyanellus,Non-consumptive Lepomis cyanellus,Lepomis cyanellus,Non-lethal,Non-consumptive,NCE,2017-12-13T00:00:00Z,2017-01-25T00:00:00Z,NA,322,322,DSC_7751,DSC_7752,4.119,13.129,44.704,87.893,10.09,0.138832298,Paedomorph,Aquatic,Mature,Female,43.189,DSC_7752,10.609,7.375,376.349,59.83,45.594,9.253,38.219,45.715,27.909,228.465,59.84,NA,10,0.833333333,2
17,Block 2,NCE Fundulus chrysotus,Non-consumptive Fundulus chrysotus,Fundulus chrysotus,Non-lethal,Non-consumptive,NCE,2017-12-13T00:00:00Z,2017-01-25T00:00:00Z,NA,322,322,DSC_7753,DSC_7754,4.88,15.462,50.036,98.794,12.637,0.155391304,Larva,Aquatic,Immature,Male,48.758,DSC_7754,11.654,7.795,368.82,98.084,78.007,21.213,65.772,77.544,29.82,217.397,98.086,preserved; male larva,9,0.75,3
17,Block 2,NCE Fundulus chrysotus,Non-consumptive Fundulus chrysotus,Fundulus chrysotus,Non-lethal,Non-consumptive,NCE,2017-12-13T00:00:00Z,2017-01-25T00:00:00Z,NA,322,322,DSC_7755,DSC_7756,4.463,13.611,45.97,93.288,11.723,0.142763975,Paedomorph,Aquatic,Mature,Female,47.318,DSC_7756,10.971,7.69,371.974,74.562,57.821,15.987,49.456,58.045,28.69,215.619,74.564,NA,9,0.75,3
17,Block 2,NCE Fundulus chrysotus,Non-consumptive Fundulus chrysotus,Fundulus chrysotus,Non-lethal,Non-consumptive,NCE,2017-12-13T00:00:00Z,2017-01-25T00:00:00Z,NA,322,322,DSC_7757,DSC_7758,5.062,12.724,43.43,94.036,10.864,0.134875776,Paedomorph,Aquatic,Mature,Male,50.606,DSC_7758,10.788,8.185,398.495,51.137,41.569,7.169,33.276,40.501,26.502,232.849,51.141,NA,9,0.75,3
17,Block 2,NCE Fundulus chrysotus,Non-consumptive Fundulus chrysotus,Fundulus chrysotus,Non-lethal,Non-consumptive,NCE,2017-12-13T00:00:00Z,2017-01-25T00:00:00Z,NA,322,322,DSC_7759,DSC_7760,4.726,13.417,47.335,90.91,10.649,0.147003106,Paedomorph,Aquatic,Mature,Female,43.575,DSC_7760,9.703,7.306,341.995,73.94,59.696,14.217,49.277,58.772,29.775,222.429,73.95,NA,9,0.75,3
17,Block 2,NCE Fundulus chrysotus,Non-consumptive Fundulus chrysotus,Fundulus chrysotus,Non-lethal,Non-consumptive,NCE,2017-12-13T00:00:00Z,2017-01-25T00:00:00Z,NA,322,322,DSC_7761,DSC_7762,4.546,12.373,47.288,90.48,11.193,0.146857143,Larva,Aquatic,Immature,Male,43.192,DSC_7762,9.969,7.317,334.305,63.253,43.613,5.39,37.425,45.126,22.566,242.785,63.253,preserved; male larva,9,0.75,3
19,Block 6,CE Fundulus chrysotus,Consumptive Fundulus chrysotus,Fundulus chrysotus,Lethal,Consumptive,CE,2017-12-13T00:00:00Z,2017-01-31T00:00:00Z,NA,316,316,DSC_7763,DSC_7764,5.2,14.099,48.729,94.037,11.625,0.154205696,Paedomorph,Aquatic,Mature,Male,45.308,DSC_7764,12.124,8.138,396.041,39.848,28.456,6.052,24.766,29.286,17.383,222.497,39.858,NA,2,0.166666667,10
22,Block 3,NCE Control,Non-consumptive Control,Control,Non-lethal,Non-consumptive,NCE,2017-12-13T00:00:00Z,2017-01-25T00:00:00Z,NA,322,322,DSC_7765,DSC_7766,2.912,13.236,42.403,84.991,10.314,0.131686335,Larva,Aquatic,Immature,NA,42.588,DSC_7766,10.321,6.34,314.311,60.127,45.705,13.027,39.61,46.305,25.881,218.267,60.132,NA,11,0.916666667,1
22,Block 3,NCE Control,Non-consumptive Control,Control,Non-lethal,Non-consumptive,NCE,2017-12-13T00:00:00Z,2017-01-25T00:00:00Z,NA,322,322,DSC_7767,DSC_7768,2.489,12.165,37.855,78.238,9.757,0.117562112,Larva,Aquatic,Immature,NA,40.383,DSC_7768,9.209,6.211,246.956,82.599,68.282,17.578,56.155,66.775,31.483,214.455,82.62,First time witnessing Salamander defication,11,0.916666667,1
22,Block 3,NCE Control,Non-consumptive Control,Control,Non-lethal,Non-consumptive,NCE,2017-12-13T00:00:00Z,2017-01-25T00:00:00Z,NA,322,322,DSC_7769,DSC_7770,2.323,11.468,35.631,73.327,9.192,0.11065528,Paedomorph,Aquatic,Mature,Female,37.696,DSC_7770,9.376,5.837,248.09,74.322,63.188,22.011,53.177,61.831,32.698,195.172,74.357,NA,11,0.916666667,1
22,Block 3,NCE Control,Non-consumptive Control,Control,Non-lethal,Non-consumptive,NCE,2017-12-13T00:00:00Z,2017-01-25T00:00:00Z,NA,322,322,DSC_7771,DSC_7772,2.403,10.983,38.863,81.197,9.643,0.120692547,Larva,Aquatic,Immature,NA,42.334,DSC_7772,NA,NA,NA,NA,NA,NA,NA,NA,NA,NA,NA,NA,11,0.916666667,1
22,Block 3,NCE Control,Non-consumptive Control,Control,Non-lethal,Non-consumptive,NCE,2017-12-13T00:00:00Z,2017-01-25T00:00:00Z,NA,322,322,DSC_7773,DSC_7774,1.921,11.469,34.784,70.833,9.16,0.108024845,Larva,Aquatic,Immature,NA,36.049,DSC_7774,8.748,6.3,237.851,61.831,49.255,10.771,40.624,48.641,27.588,227.696,61.838,NA,11,0.916666667,1
22,Block 3,NCE Control,Non-consumptive Control,Control,Non-lethal,Non-consumptive,NCE,2017-12-13T00:00:00Z,2017-01-25T00:00:00Z,NA,322,322,DSC_7775,DSC_7776,2.153,10.39,35.534,74.344,9.011,0.110354037,Paedomorph,Aquatic,Mature,Male,38.81,DSC_7776,9.002,5.188,252.665,79.666,68.85,23.649,57.393,66.934,33.134,197.552,79.706,NA,11,0.916666667,1
22,Block 3,NCE Control,Non-consumptive Control,Control,Non-lethal,Non-consumptive,NCE,2017-12-13T00:00:00Z,2017-01-25T00:00:00Z,NA,322,322,DSC_7777,DSC_7778,2.093,11.157,35.528,72.524,9.771,0.110335404,Larva,Aquatic,Immature,NA,36.996,DSC_7778,9.262,5.958,251.365,81.98,69.194,20.462,57.205,67.468,31.733,208.787,82.004,NA,11,0.916666667,1
22,Block 3,NCE Control,Non-consumptive Control,Control,Non-lethal,Non-consumptive,NCE,2017-12-13T00:00:00Z,2017-01-25T00:00:00Z,NA,322,322,DSC_7779,DSC_7780,2.956,11.729,40.288,84.817,9.671,0.125118012,Larva,Aquatic,Immature,NA,44.529,DSC_7780,9.674,6.739,300.873,71.676,60.479,17.42,49.859,58.93,32.5,211.047,71.734,NA,11,0.916666667,1
22,Block 3,NCE Control,Non-consumptive Control,Control,Non-lethal,Non-consumptive,NCE,2017-12-13T00:00:00Z,2017-01-25T00:00:00Z,NA,322,322,DSC_7781,DSC_7782,2.822,11.307,38.501,81.236,9.627,0.119568323,Paedomorph,Aquatic,Mature,Female,42.735,DSC_7782,8.828,5.932,238.704,72.042,59.976,17.233,49.755,58.718,31.923,209.955,72.052,NA,11,0.916666667,1
22,Block 3,NCE Control,Non-consumptive Control,Control,Non-lethal,Non-consumptive,NCE,2017-12-13T00:00:00Z,2017-01-25T00:00:00Z,NA,322,322,DSC_7783,DSC_7784,2.614,12.356,37.786,76.868,10.178,0.117347826,Larva,Aquatic,Immature,NA,39.082,DSC_7784,9.613,6.195,314.983,76.067,61.001,18.086,51.725,60.618,29.318,212.98,76.09,NA,11,0.916666667,1
24,Block 1,NCE Fundulus chrysotus,Non-consumptive Fundulus chrysotus,Fundulus chrysotus,Non-lethal,Non-consumptive,NCE,2017-12-13T00:00:00Z,2017-01-25T00:00:00Z,NA,322,322,DSC_7785,DSC_7786,6.998,14.37,49.811,98.191,12.3,0.154692547,Paedomorph,Aquatic,Mature,Male,48.38,DSC_7786,11.724,8.572,432.015,43.554,34.951,10.567,29.72,34.729,24.844,223.815,43.581,NA,12,1,0
24,Block 1,NCE Fundulus chrysotus,Non-consumptive Fundulus chrysotus,Fundulus chrysotus,Non-lethal,Non-consumptive,NCE,2017-12-13T00:00:00Z,2017-01-25T00:00:00Z,NA,322,322,DSC_7787,DSC_7788,4.229,12.257,44.568,89.156,10.854,0.138409938,Paedomorph,Aquatic,Mature,Female,44.588,DSC_7788,10.067,7.262,319.597,50.646,40.135,11.94,34.222,40.058,26.632,219.264,50.654,NA,12,1,0
24,Block 1,NCE Fundulus chrysotus,Non-consumptive Fundulus chrysotus,Fundulus chrysotus,Non-lethal,Non-consumptive,NCE,2017-12-13T00:00:00Z,2017-01-25T00:00:00Z,NA,322,322,DSC_7789,DSC_7790,4.976,14.111,48.381,94.597,11.406,0.150251553,Larva,Aquatic,Immature,Male,46.216,DSC_7790,13.045,8.557,426.25,73.971,59.42,13.466,48.939,58.561,29.01,222.986,73.975,preserved; male larva,12,1,0
24,Block 1,NCE Fundulus chrysotus,Non-consumptive Fundulus chrysotus,Fundulus chrysotus,Non-lethal,Non-consumptive,NCE,2017-12-13T00:00:00Z,2017-01-25T00:00:00Z,NA,322,322,DSC_7791,DSC_7792,5.662,14.324,51.726,99.8,11.89,0.160639752,Paedomorph,Aquatic,Mature,Male,48.074,DSC_7792,12.098,7.949,459.471,58.988,44.992,10.289,38.093,45.252,25.389,229.075,58.991,NA,12,1,0
24,Block 1,NCE Fundulus chrysotus,Non-consumptive Fundulus chrysotus,Fundulus chrysotus,Non-lethal,Non-consumptive,NCE,2017-12-13T00:00:00Z,2017-01-25T00:00:00Z,NA,322,322,DSC_7793,DSC_7794,3.867,13.14,44.549,85.847,11.162,0.138350932,Larva,Aquatic,Immature,NA,41.298,DSC_7794,11.12,8.127,359.907,58.088,41.168,3.064,34.129,41.899,25.704,247.303,58.088,NA,12,1,0
25,Block 6,NCE Fundulus chrysotus,Non-consumptive Fundulus chrysotus,Fundulus chrysotus,Non-lethal,Non-consumptive,NCE,2017-12-14T00:00:00Z,2017-01-31T00:00:00Z,NA,317,317,DSC_7795,DSC_7796,2.461,11.9,39.723,76.021,9.969,0.125309148,Larva,Aquatic,Immature,NA,36.298,DSC_7796,NA,NA,NA,NA,NA,NA,NA,NA,NA,NA,NA,NA,11,0.916666667,1
30,Block 1,NCE Aphredoderus sayanus,Non-consumptive Aphredoderus sayanus,Aphredoderus sayanus,Non-lethal,Non-consumptive,NCE,2017-12-14T00:00:00Z,2017-01-25T00:00:00Z,NA,323,323,DSC_7795,DSC_7796,5.748,14.708,49.855,99.99,11.545,0.154349845,Paedomorph,Aquatic,Mature,Female,50.135,b_7796b,11.292,7.463,415.144,82.704,67.122,13.981,54.588,65.732,31.748,222.992,82.707,NA,5,0.416666667,7
25,Block 6,NCE Fundulus chrysotus,Non-consumptive Fundulus chrysotus,Fundulus chrysotus,Non-lethal,Non-consumptive,NCE,2017-12-14T00:00:00Z,2017-01-31T00:00:00Z,NA,317,317,DSC_7797,DSC_7798,2.618,11.207,40.244,72.477,10.527,0.126952681,Larva,Aquatic,Immature,NA,32.233,DSC_7798,9.645,6.2,256.899,72.115,57.694,13.644,47.811,57.006,30.294,220.512,72.141,NA,11,0.916666667,1
30,Block 1,NCE Aphredoderus sayanus,Non-consumptive Aphredoderus sayanus,Aphredoderus sayanus,Non-lethal,Non-consumptive,NCE,2017-12-14T00:00:00Z,2017-01-25T00:00:00Z,NA,323,323,DSC_7797,DSC_7798,3.595,12.63,45.406,95.568,10.851,0.140575851,Larva,Aquatic,Immature,NA,50.162,b_7798b,11.744,8.574,422.573,64.716,50.694,9.247,41.558,50.164,30.284,229.782,64.718,NA,5,0.416666667,7
25,Block 6,NCE Fundulus chrysotus,Non-consumptive Fundulus chrysotus,Fundulus chrysotus,Non-lethal,Non-consumptive,NCE,2017-12-14T00:00:00Z,2017-01-31T00:00:00Z,NA,317,317,DSC_7799,DSC_7800,1.933,10.211,33.77,68.329,9.006,0.106529968,Larva,Aquatic,Immature,NA,34.559,DSC_7800,9.41,5.831,254.657,86.497,74.104,25.186,61.914,72.244,33.65,193.727,86.651,NA,11,0.916666667,1
30,Block 1,NCE Aphredoderus sayanus,Non-consumptive Aphredoderus sayanus,Aphredoderus sayanus,Non-lethal,Non-consumptive,NCE,2017-12-14T00:00:00Z,2017-01-25T00:00:00Z,NA,323,323,DSC_7799,DSC_7800,5.891,13.918,49.538,102.764,11.812,0.153368421,Paedomorph,Aquatic,Mature,Female,53.226,b_7800b,11.544,7.371,434.754,84.353,67.96,14.122,55.466,66.728,31.524,223.401,84.353,NA,5,0.416666667,7
25,Block 6,NCE Fundulus chrysotus,Non-consumptive Fundulus chrysotus,Fundulus chrysotus,Non-lethal,Non-consumptive,NCE,2017-12-14T00:00:00Z,2017-01-31T00:00:00Z,NA,317,317,DSC_7801,DSC_7802,2.332,11.547,39.766,73.355,10.521,0.125444795,Larva,Aquatic,Immature,NA,33.589,DSC_7802,8.062,4.676,216.223,67.44,56.396,20.942,48.255,55.679,31.056,198.42,67.496,NA,11,0.916666667,1
30,Block 1,NCE Aphredoderus sayanus,Non-consumptive Aphredoderus sayanus,Aphredoderus sayanus,Non-lethal,Non-consumptive,NCE,2017-12-14T00:00:00Z,2017-01-25T00:00:00Z,NA,323,323,DSC_7801,DSC_7802,5.899,14.374,51.786,104.507,12.109,0.160328173,Larva,Aquatic,Immature,NA,52.721,b_7802b,12.195,7.55,473.789,81.478,63.976,15.073,53.498,63.607,30.096,222.255,81.512,NA,5,0.416666667,7
25,Block 6,NCE Fundulus chrysotus,Non-consumptive Fundulus chrysotus,Fundulus chrysotus,Non-lethal,Non-consumptive,NCE,2017-12-14T00:00:00Z,2017-01-31T00:00:00Z,NA,317,317,DSC_7803,DSC_7804,2.131,10.828,37.405,72.876,10.077,0.117996845,Larva,Aquatic,Immature,NA,35.471,DSC_7804,9.307,6.232,239.648,70.171,56.464,13.144,46.589,55.621,30.523,221.48,70.198,NA,11,0.916666667,1
32,Block 5,CE Aphredoderus sayanus,Consumptive Aphredoderus sayanus,Aphredoderus sayanus,Lethal,Consumptive,CE,2017-12-14T00:00:00Z,2017-01-31T00:00:00Z,NA,317,317,DSC_7803,DSC_7804,5.351,14.435,52.162,97.193,11.606,0.164548896,Larva,Aquatic,Immature,NA,45.031,b_7804b,12.373,8.73,491.307,60.096,42.651,3.943,35.558,43.438,27.427,243.834,60.099,NA,4,0.333333333,8
25,Block 6,NCE Fundulus chrysotus,Non-consumptive Fundulus chrysotus,Fundulus chrysotus,Non-lethal,Non-consumptive,NCE,2017-12-14T00:00:00Z,2017-01-31T00:00:00Z,NA,317,317,DSC_7805,DSC_7806,2.258,11.307,38.778,71.412,9.339,0.122328076,Larva,Aquatic,Immature,NA,32.634,DSC_7806,8.62,6.138,228.276,78.212,62.626,18.204,53.01,62.237,29.861,211.38,78.244,NA,11,0.916666667,1
32,Block 5,CE Aphredoderus sayanus,Consumptive Aphredoderus sayanus,Aphredoderus sayanus,Lethal,Consumptive,CE,2017-12-14T00:00:00Z,2017-01-31T00:00:00Z,NA,317,317,DSC_7805,DSC_7806,6.557,12.693,51.048,101.894,12.262,0.1610347,Paedomorph,Aquatic,Mature,Male,50.846,b_7806b,11.641,8.3,463.606,72.447,60.645,15.044,49.379,58.952,30.591,222.906,72.449,NA,4,0.333333333,8
25,Block 6,NCE Fundulus chrysotus,Non-consumptive Fundulus chrysotus,Fundulus chrysotus,Non-lethal,Non-consumptive,NCE,2017-12-14T00:00:00Z,2017-01-31T00:00:00Z,NA,317,317,DSC_7807,DSC_7809,1.929,11.443,34.698,70.519,9.428,0.109457413,Larva,Aquatic,Immature,NA,35.821,DSC_7809,8.683,5.626,233.174,68.302,56.48,18.044,47.615,55.636,31.105,204.593,68.318,NA,11,0.916666667,1
32,Block 5,CE Aphredoderus sayanus,Consumptive Aphredoderus sayanus,Aphredoderus sayanus,Lethal,Consumptive,CE,2017-12-14T00:00:00Z,2017-01-31T00:00:00Z,NA,317,317,DSC_7807,DSC_7808,5.116,11.371,47.407,94.847,11.092,0.149548896,Paedomorph,Aquatic,Mature,Female,47.44,b_7808,11.292,7.304,378.39,76.28,62.256,14.157,50.896,60.969,31.484,222.109,76.282,NA,4,0.333333333,8
32,Block 5,CE Aphredoderus sayanus,Consumptive Aphredoderus sayanus,Aphredoderus sayanus,Lethal,Consumptive,CE,2017-12-14T00:00:00Z,2017-01-31T00:00:00Z,NA,317,317,DSC_7809,DSC_7810,5.803,12.859,51.41,97.327,11.989,0.162176656,Paedomorph,Aquatic,Mature,Male,45.917,b_7810,12.226,8.311,409.419,51.555,39.498,4.36,31.801,39.116,26.618,242.919,51.555,NA,4,0.333333333,8
25,Block 6,NCE Fundulus chrysotus,Non-consumptive Fundulus chrysotus,Fundulus chrysotus,Non-lethal,Non-consumptive,NCE,2017-12-14T00:00:00Z,2017-01-31T00:00:00Z,NA,317,317,DSC_7810,DSC_7811,2.242,11.583,37.63,70.941,10.398,0.118706625,Larva,Aquatic,Immature,NA,33.311,DSC_7811,10.193,6.72,288.71,90.52,77.696,28.977,65.729,75.969,32.097,195.844,90.693,NA,11,0.916666667,1
26,Block 5,NCE Lepomis cyanellus,Non-consumptive Lepomis cyanellus,Lepomis cyanellus,Non-lethal,Non-consumptive,NCE,2017-12-14T00:00:00Z,2017-01-31T00:00:00Z,NA,317,317,DSC_7812,DSC_7813,3.549,13.241,46.152,89.023,10.809,0.145589905,Larva,Aquatic,Immature,NA,42.871,DSC_7813,10.683,7.195,334.89,61.575,50.776,16.954,43.098,50.141,28.234,200.866,61.615,NA,9,0.75,3
26,Block 5,NCE Lepomis cyanellus,Non-consumptive Lepomis cyanellus,Lepomis cyanellus,Non-lethal,Non-consumptive,NCE,2017-12-14T00:00:00Z,2017-01-31T00:00:00Z,NA,317,317,DSC_7814,DSC_7815,3.386,13.473,43.422,85.776,10.581,0.136977918,Larva,Aquatic,Immature,NA,42.354,DSC_7815,10.02,6.393,338.415,73.167,60.366,14.394,49.306,58.958,31.37,221.054,73.225,NA,9,0.75,3
26,Block 5,NCE Lepomis cyanellus,Non-consumptive Lepomis cyanellus,Lepomis cyanellus,Non-lethal,Non-consumptive,NCE,2017-12-14T00:00:00Z,2017-01-31T00:00:00Z,NA,317,317,DSC_7816,DSC_7817,3.696,13.483,42.425,84.269,10.501,0.133832808,Larva,Aquatic,Immature,NA,41.844,DSC_7817,9.795,6.581,323.926,64.179,51.931,12.563,42.889,51.118,29.039,224.69,64.258,NA,9,0.75,3
34,Block 3,NCE Fundulus chrysotus,Non-consumptive Fundulus chrysotus,Fundulus chrysotus,Non-lethal,Non-consumptive,NCE,2017-12-14T00:00:00Z,2017-01-25T00:00:00Z,NA,323,323,DSC_7817,DSC_7818,2.164,10.95,38.787,76.881,9.637,0.120083591,Larva,Aquatic,Immature,NA,38.094,b_7818,8.197,6.195,258.883,80.621,70.503,21.635,57.582,67.975,34.581,201.003,80.671,NA,10,0.833333333,2
26,Block 5,NCE Lepomis cyanellus,Non-consumptive Lepomis cyanellus,Lepomis cyanellus,Non-lethal,Non-consumptive,NCE,2017-12-14T00:00:00Z,2017-01-31T00:00:00Z,NA,317,317,DSC_7818,DSC_7819,3.673,12.898,42.575,91.744,10.617,0.134305994,Paedomorph,Aquatic,Mature,Male,49.169,DSC_7819,11.299,6.952,388.897,40.529,33.672,13.265,29.155,33.381,22.489,180.583,40.538,NA,9,0.75,3
26,Block 5,NCE Lepomis cyanellus,Non-consumptive Lepomis cyanellus,Lepomis cyanellus,Non-lethal,Non-consumptive,NCE,2017-12-14T00:00:00Z,2017-01-31T00:00:00Z,NA,317,317,DSC_7820,DSC_7821,4.52,14.575,47.876,92.332,11.286,0.151028391,Paedomorph,Aquatic,Mature,Female,44.456,DSC_7821,10.292,7.205,354.108,63.613,49.211,12.17,41.658,49.287,27.539,224.456,63.626,NA,9,0.75,3
34,Block 3,NCE Fundulus chrysotus,Non-consumptive Fundulus chrysotus,Fundulus chrysotus,Non-lethal,Non-consumptive,NCE,2017-12-14T00:00:00Z,2017-01-25T00:00:00Z,NA,323,323,DSC_7820,DSC_7821,2.508,11.743,40.174,79.403,10.041,0.124377709,Larva,Aquatic,Immature,NA,39.229,b_7821,9.514,6.983,325.339,82.824,69.195,18.311,56.773,67.469,32.456,212.753,82.839,NA,10,0.833333333,2
26,Block 5,NCE Lepomis cyanellus,Non-consumptive Lepomis cyanellus,Lepomis cyanellus,Non-lethal,Non-consumptive,NCE,2017-12-14T00:00:00Z,2017-01-31T00:00:00Z,NA,317,317,DSC_7822,DSC_7823,4.647,13.711,47.785,94.556,10.565,0.150741325,Paedomorph,Aquatic,Mature,Male,46.771,b_7823,8.736,6.091,293.745,82.665,65.24,14.258,54.05,64.629,30.737,220.345,82.667,NA,9,0.75,3
34,Block 3,NCE Fundulus chrysotus,Non-consumptive Fundulus chrysotus,Fundulus chrysotus,Non-lethal,Non-consumptive,NCE,2017-12-14T00:00:00Z,2017-01-25T00:00:00Z,NA,323,323,DSC_7822,DSC_7823,2.818,10.753,40.243,76.544,10.253,0.124591331,Larva,Aquatic,Immature,NA,36.301,DSC_7823,12.236,7.981,438.831,45.825,36.396,9.818,30.683,36.176,24.267,223.667,45.833,NA,10,0.833333333,2
26,Block 5,NCE Lepomis cyanellus,Non-consumptive Lepomis cyanellus,Lepomis cyanellus,Non-lethal,Non-consumptive,NCE,2017-12-14T00:00:00Z,2017-01-31T00:00:00Z,NA,317,317,DSC_7824,DSC_7825,3.344,11.448,43.028,83.422,10.139,0.135735016,Paedomorph,Aquatic,Mature,Female,40.394,b_7825,9.047,6.349,308.965,86.761,74.825,26.06,62.551,72.837,33.833,192.741,86.826,NA,9,0.75,3
34,Block 3,NCE Fundulus chrysotus,Non-consumptive Fundulus chrysotus,Fundulus chrysotus,Non-lethal,Non-consumptive,NCE,2017-12-14T00:00:00Z,2017-01-25T00:00:00Z,NA,323,323,DSC_7824,DSC_7825,2.323,11.967,40.104,79.049,9.872,0.124160991,Larva,Aquatic,Immature,NA,38.945,DSC_7825,10.338,6.987,325.7,48.681,38.28,11.832,32.925,38.361,25.396,218.178,48.693,NA,10,0.833333333,2
27,Block 4,NCE Control,Non-consumptive Control,Control,Non-lethal,Non-consumptive,NCE,2017-12-14T00:00:00Z,2017-01-25T00:00:00Z,NA,323,323,DSC_7826,DSC_7827,2.26,12.349,39.634,70.059,9.313,0.122705882,Larva,Aquatic,Immature,NA,30.425,DSC_7827,10.072,6.927,284.66,93.481,80.494,27.849,67.281,78.377,33.344,195.596,93.499,NA,12,1,0
34,Block 3,NCE Fundulus chrysotus,Non-consumptive Fundulus chrysotus,Fundulus chrysotus,Non-lethal,Non-consumptive,NCE,2017-12-14T00:00:00Z,2017-01-25T00:00:00Z,NA,323,323,DSC_7826,DSC_7827,2.618,10.964,39.566,82.866,9.765,0.122495356,Larva,Aquatic,Immature,NA,43.3,b_7827,8.813,5.799,280.079,83.602,72.304,22.425,59.448,69.978,33.836,201.459,83.604,NA,10,0.833333333,2
27,Block 4,NCE Control,Non-consumptive Control,Control,Non-lethal,Non-consumptive,NCE,2017-12-14T00:00:00Z,2017-01-25T00:00:00Z,NA,323,323,DSC_7828,DSC_7829,1.866,11.409,35.544,70.162,9.23,0.110043344,Larva,Aquatic,Immature,NA,34.618,DSC_7829,9.092,5.167,217.958,100.829,84.717,22.859,69.463,82.508,33.263,205.741,100.864,NA,12,1,0
34,Block 3,NCE Fundulus chrysotus,Non-consumptive Fundulus chrysotus,Fundulus chrysotus,Non-lethal,Non-consumptive,NCE,2017-12-14T00:00:00Z,2017-01-25T00:00:00Z,NA,323,323,DSC_7828,DSC_7829,2.861,13.472,42.136,85.791,10.487,0.130452012,Larva,Aquatic,Immature,NA,43.655,b_7829,9.091,6.217,317.812,89.699,74.863,21.075,61.877,73.182,32.528,207.881,89.705,NA,10,0.833333333,2
27,Block 4,NCE Control,Non-consumptive Control,Control,Non-lethal,Non-consumptive,NCE,2017-12-14T00:00:00Z,2017-01-25T00:00:00Z,NA,323,323,DSC_7830,DSC_7831,2,10.622,36.747,68.24,8.981,0.113767802,Larva,Aquatic,Immature,NA,31.493,DSC_7831,8.432,5.834,231.117,75.155,61.743,14.122,50.347,60.325,31.597,221.607,75.202,NA,12,1,0
34,Block 3,NCE Fundulus chrysotus,Non-consumptive Fundulus chrysotus,Fundulus chrysotus,Non-lethal,Non-consumptive,NCE,2017-12-14T00:00:00Z,2017-01-25T00:00:00Z,NA,323,323,DSC_7830,DSC_7831,2.523,11.771,38.226,77.054,10.162,0.118346749,Larva,Aquatic,Immature,NA,38.828,b_7831,9.732,6.519,274.515,78.868,68.289,27.576,58.244,66.814,32.369,191.416,78.918,NA,10,0.833333333,2
27,Block 4,NCE Control,Non-consumptive Control,Control,Non-lethal,Non-consumptive,NCE,2017-12-14T00:00:00Z,2017-01-25T00:00:00Z,NA,323,323,DSC_7832,DSC_7833,1.841,10.435,36.05,62.458,8.789,0.111609907,Larva,Aquatic,Immature,NA,26.408,DSC_7833,8.244,5.879,168.529,81.862,64.996,20.442,55.76,64.955,29.587,204.685,81.875,NA,12,1,0
35,Block 2,NCE Control,Non-consumptive Control,Control,Non-lethal,Non-consumptive,NCE,2017-12-14T00:00:00Z,2017-01-25T00:00:00Z,NA,323,323,DSC_7832,DSC_7833,3.865,12.578,43.509,85.056,11.129,0.134702786,Paedomorph,Aquatic,Mature,Male,41.547,b_7833,10.957,6.059,340.917,75.442,64.791,20.098,53.442,62.911,32.227,209.02,75.477,NA,10,0.833333333,2
27,Block 4,NCE Control,Non-consumptive Control,Control,Non-lethal,Non-consumptive,NCE,2017-12-14T00:00:00Z,2017-01-25T00:00:00Z,NA,323,323,DSC_7834,DSC_7835,2.373,11.919,39.391,71.336,9.661,0.12195356,Larva,Aquatic,Immature,NA,31.945,DSC_7835,9.383,6.24,253.388,101.538,81.427,21.081,68.01,80.566,31.223,210.552,101.539,NA,12,1,0
35,Block 2,NCE Control,Non-consumptive Control,Control,Non-lethal,Non-consumptive,NCE,2017-12-14T00:00:00Z,2017-01-25T00:00:00Z,NA,323,323,DSC_7834,DSC_7835,3.286,11.183,40.868,84.301,10.658,0.126526316,Paedomorph,Aquatic,Mature,Female,43.433,b_7835,9.556,6.143,278.11,85.603,72.958,21.344,59.96,70.853,33.635,206.855,85.716,NA,10,0.833333333,2
27,Block 4,NCE Control,Non-consumptive Control,Control,Non-lethal,Non-consumptive,NCE,2017-12-14T00:00:00Z,2017-01-25T00:00:00Z,NA,323,323,DSC_7836,DSC_7837,2.047,11.385,37.143,67.574,9.191,0.114993808,Larva,Aquatic,Immature,NA,30.431,DSC_7837,8.916,5.451,208.772,67.424,55,15.897,46.107,54.256,31.01,210.689,67.429,NA,12,1,0
35,Block 2,NCE Control,Non-consumptive Control,Control,Non-lethal,Non-consumptive,NCE,2017-12-14T00:00:00Z,2017-01-25T00:00:00Z,NA,323,323,DSC_7836,DSC_7837,3.701,12.33,44.067,83.777,10.919,0.136430341,Paedomorph,Aquatic,Mature,Female,39.71,b_7837,10.704,7.16,320.935,76.169,65.737,21.86,54.59,63.867,33.115,201.165,76.252,NA,10,0.833333333,2
27,Block 4,NCE Control,Non-consumptive Control,Control,Non-lethal,Non-consumptive,NCE,2017-12-14T00:00:00Z,2017-01-25T00:00:00Z,NA,323,323,DSC_7838,DSC_7840,2.165,12.661,36.959,70.193,9.28,0.114424149,Larva,Aquatic,Immature,NA,33.234,DSC_7840,9.642,6.115,267.4,82.016,63.739,12.131,52.63,63.32,30.612,225.532,82.017,NA,12,1,0
35,Block 2,NCE Control,Non-consumptive Control,Control,Non-lethal,Non-consumptive,NCE,2017-12-14T00:00:00Z,2017-01-25T00:00:00Z,NA,323,323,DSC_7838,DSC_7839,3.467,12.278,43.543,87.088,10.774,0.13480805,Paedomorph,Aquatic,Mature,Male,43.545,b_7839,9.71,6.476,272.876,74.369,57.801,9.579,47.279,57.243,29.517,232.336,74.369,NA,10,0.833333333,2
35,Block 2,NCE Control,Non-consumptive Control,Control,Non-lethal,Non-consumptive,NCE,2017-12-14T00:00:00Z,2017-01-25T00:00:00Z,NA,323,323,DSC_7840,DSC_7841,3.554,11.949,42.511,85.16,10.312,0.131613003,Paedomorph,Aquatic,Mature,Male,42.649,b_7841,11.158,7.399,362.379,57.857,46.323,11.368,38.52,45.761,25.766,223.316,57.858,NA,10,0.833333333,2
27,Block 4,NCE Control,Non-consumptive Control,Control,Non-lethal,Non-consumptive,NCE,2017-12-14T00:00:00Z,2017-01-25T00:00:00Z,NA,323,323,DSC_7841,DSC_7842,1.975,10.837,36.33,71.367,9.481,0.11247678,Larva,Aquatic,Immature,NA,35.037,DSC_7842,8.842,5.653,262.15,99.497,84.084,22.404,68.658,81.666,33.568,206.174,99.52,NA,12,1,0
35,Block 2,NCE Control,Non-consumptive Control,Control,Non-lethal,Non-consumptive,NCE,2017-12-14T00:00:00Z,2017-01-25T00:00:00Z,NA,323,323,DSC_7842,DSC_7843,3.931,13.137,45.792,90.882,11.185,0.141770898,Larva,Aquatic,Immature,NA,45.09,b_7843,10.171,7.06,346.377,71.094,55.755,13.639,46.824,55.545,29.97,218.956,71.107,NA,10,0.833333333,2
27,Block 4,NCE Control,Non-consumptive Control,Control,Non-lethal,Non-consumptive,NCE,2017-12-14T00:00:00Z,2017-01-25T00:00:00Z,NA,323,323,DSC_7843,DSC_7844,1.631,11.276,35.972,67.816,8.75,0.111368421,Larva,Aquatic,Immature,NA,31.844,DSC_7844,7.153,4.944,186.655,104.678,88.469,23.861,72.343,85.943,33.491,205.104,104.688,NA,12,1,0
27,Block 4,NCE Control,Non-consumptive Control,Control,Non-lethal,Non-consumptive,NCE,2017-12-14T00:00:00Z,2017-01-25T00:00:00Z,NA,323,323,DSC_7845,DSC_7846,1.754,11.04,35.315,66.496,9.262,0.109334365,Larva,Aquatic,Immature,NA,31.181,DSC_7846,8.622,4.773,217.794,104.709,90.17,34.296,76.409,88.145,33.78,178.638,104.778,NA,12,1,0
35,Block 2,NCE Control,Non-consumptive Control,Control,Non-lethal,Non-consumptive,NCE,2017-12-14T00:00:00Z,2017-01-25T00:00:00Z,NA,323,323,DSC_7845,DSC_7846,3.546,11.717,43.981,89.674,9.951,0.136164087,Paedomorph,Aquatic,Mature,Male,45.693,b_7846,8.516,6.025,284.871,81.499,68.341,19.828,56.567,66.742,31.701,210.487,81.53,NA,10,0.833333333,2
28,Block 3,CE Fundulus chrysotus,Consumptive Fundulus chrysotus,Fundulus chrysotus,Lethal,Consumptive,CE,2017-12-14T00:00:00Z,2017-01-25T00:00:00Z,NA,323,323,DSC_7847,DSC_7848,3.801,12.577,43.519,83.55,11.071,0.134733746,Larva,Aquatic,Immature,NA,40.031,DSC_7848,9.893,6.968,331.606,72.15,55.754,18.051,48.655,56.353,28.471,206.267,72.158,NA,6,0.5,6
36,Block 1,CE Fundulus chrysotus,Consumptive Fundulus chrysotus,Fundulus chrysotus,Lethal,Consumptive,CE,2017-12-14T00:00:00Z,2017-01-25T00:00:00Z,NA,323,323,DSC_7847,DSC_7848,4.303,13.106,45.922,90.164,11.144,0.142173375,Larva,Aquatic,Immature,NA,44.242,b_7848,11.246,6.68,370.326,66.724,56.77,18.43,47.304,55.381,32.115,209.898,66.8,NA,8,0.666666667,4
28,Block 3,CE Fundulus chrysotus,Consumptive Fundulus chrysotus,Fundulus chrysotus,Lethal,Consumptive,CE,2017-12-14T00:00:00Z,2017-01-25T00:00:00Z,NA,323,323,DSC_7849,DSC_7850,3.849,12.907,45.218,85.905,10.91,0.139993808,Larva,Aquatic,Immature,NA,40.687,DSC_7850,11.831,7.09,403.748,52.393,39.867,6.505,32.921,39.829,28.511,236.056,52.402,NA,6,0.5,6
36,Block 1,CE Fundulus chrysotus,Consumptive Fundulus chrysotus,Fundulus chrysotus,Lethal,Consumptive,CE,2017-12-14T00:00:00Z,2017-01-25T00:00:00Z,NA,323,323,DSC_7849,DSC_7850,4.14,13.419,45.278,92.958,10.956,0.140179567,Larva,Aquatic,Immature,NA,47.68,b_7850,10.614,6.798,411.639,88.806,76.556,30.631,65.332,74.983,31.562,199.843,88.898,NA,8,0.666666667,4
28,Block 3,CE Fundulus chrysotus,Consumptive Fundulus chrysotus,Fundulus chrysotus,Lethal,Consumptive,CE,2017-12-14T00:00:00Z,2017-01-25T00:00:00Z,NA,323,323,DSC_7851,DSC_7852,4.315,13.169,46.635,80.591,11.294,0.144380805,Larva,Aquatic,Immature,NA,33.956,DSC_7852,11.411,6.818,326.683,66.65,53.533,12.71,44.295,52.802,30.501,223.539,66.656,NA,6,0.5,6
36,Block 1,CE Fundulus chrysotus,Consumptive Fundulus chrysotus,Fundulus chrysotus,Lethal,Consumptive,CE,2017-12-14T00:00:00Z,2017-01-25T00:00:00Z,NA,323,323,DSC_7851,DSC_7852,4.187,13.458,46.434,95.542,11.179,0.143758514,Larva,Aquatic,Immature,NA,49.108,b_7852,10.037,7.366,387.3,79.534,64.281,14.751,52.855,63.213,29.495,228.151,79.535,NA,8,0.666666667,4
28,Block 3,CE Fundulus chrysotus,Consumptive Fundulus chrysotus,Fundulus chrysotus,Lethal,Consumptive,CE,2017-12-14T00:00:00Z,2017-01-25T00:00:00Z,NA,323,323,DSC_7853,DSC_7854,4.468,12.847,47.136,87.044,11.411,0.145931889,Larva,Aquatic,Immature,NA,39.908,DSC_7854,9.81,6.407,340.607,52.067,40.98,13.242,35.441,41.122,28.554,210.953,52.094,NA,6,0.5,6
36,Block 1,CE Fundulus chrysotus,Consumptive Fundulus chrysotus,Fundulus chrysotus,Lethal,Consumptive,CE,2017-12-14T00:00:00Z,2017-01-25T00:00:00Z,NA,323,323,DSC_7853,DSC_7854,3.226,11.672,41.42,88.081,10.303,0.128235294,Larva,Aquatic,Immature,NA,46.661,b_7854,10.005,6.829,391.636,66.885,53.78,16.863,45.839,53.499,28.084,213.19,66.897,NA,8,0.666666667,4
28,Block 3,CE Fundulus chrysotus,Consumptive Fundulus chrysotus,Fundulus chrysotus,Lethal,Consumptive,CE,2017-12-14T00:00:00Z,2017-01-25T00:00:00Z,NA,323,323,DSC_7855,DSC_7856,2.755,12.653,41.441,83.662,10.092,0.12830031,Larva,Aquatic,Immature,NA,42.221,DSC_7856,9.115,5.729,274.012,67.419,56.068,15.19,46.206,54.797,32.83,207.284,67.428,NA,6,0.5,6
36,Block 1,CE Fundulus chrysotus,Consumptive Fundulus chrysotus,Fundulus chrysotus,Lethal,Consumptive,CE,2017-12-14T00:00:00Z,2017-01-25T00:00:00Z,NA,323,323,DSC_7855,DSC_7856,3.916,12.146,44.35,88.765,10.858,0.137306502,Larva,Aquatic,Immature,NA,44.415,b_7856,10.879,8.435,379.974,66.987,53.43,12.112,44.173,52.795,29.153,226.125,67.009,NA,8,0.666666667,4
29,Block 2,NCE Lepomis cyanellus,Non-consumptive Lepomis cyanellus,Lepomis cyanellus,Non-lethal,Non-consumptive,NCE,2017-12-14T00:00:00Z,2017-01-25T00:00:00Z,NA,323,323,DSC_7857,DSC_7859,6.551,14.486,51.047,107.854,12.41,0.158040248,Paedomorph,Aquatic,Mature,Male,56.807,DSC_7859,11.154,7.259,445.346,60.699,52.508,17.278,43.505,50.929,32.881,212.443,60.709,NA,7,0.583333333,5
36,Block 1,CE Fundulus chrysotus,Consumptive Fundulus chrysotus,Fundulus chrysotus,Lethal,Consumptive,CE,2017-12-14T00:00:00Z,2017-01-25T00:00:00Z,NA,323,323,DSC_7857,DSC_7858,3.809,12.351,44.465,94.106,10.637,0.137662539,Larva,Aquatic,Immature,NA,49.641,b_7858,10.621,6.444,390.927,72.644,61.904,21.6,52.048,60.507,32.09,203.692,72.71,NA,8,0.666666667,4
29,Block 2,NCE Lepomis cyanellus,Non-consumptive Lepomis cyanellus,Lepomis cyanellus,Non-lethal,Non-consumptive,NCE,2017-12-14T00:00:00Z,2017-01-25T00:00:00Z,NA,323,323,DSC_7860,DSC_7861,6.053,14.543,52.274,107.516,12.441,0.161839009,Paedomorph,Aquatic,Mature,Male,55.242,DSC_7861,12.318,8.344,479.143,58.843,51.88,18.599,43.097,50.182,34.512,206.724,58.919,NA,7,0.583333333,5
29,Block 2,NCE Lepomis cyanellus,Non-consumptive Lepomis cyanellus,Lepomis cyanellus,Non-lethal,Non-consumptive,NCE,2017-12-14T00:00:00Z,2017-01-25T00:00:00Z,NA,323,323,DSC_7862,DSC_7863,5.954,13.943,53.328,100.853,11.759,0.165102167,Paedomorph,Aquatic,Mature,Male,47.525,DSC_7863,10.709,7.431,449.035,71.432,57.368,12.028,46.954,56.431,29.598,229.114,71.434,Do male and females have different colored tails?,7,0.583333333,5
29,Block 2,NCE Lepomis cyanellus,Non-consumptive Lepomis cyanellus,Lepomis cyanellus,Non-lethal,Non-consumptive,NCE,2017-12-14T00:00:00Z,2017-01-25T00:00:00Z,NA,323,323,DSC_7864,DSC_7865,6.344,13.872,48.141,100.795,12.543,0.149043344,Paedomorph,Aquatic,Mature,Female,52.654,DSC_7865,12.896,7.521,501.111,95.6,80.514,23.413,66.513,78.507,33.123,204.516,95.613,NA,7,0.583333333,5
